,TSHZ3-chr19-31768568,TP53-chr17-7577548,TOX-chr8-59851979,STRN-chr2-37105068,SPEN-chr1-16258997,SPEN-chr1-16202934,PTPRD-chr9-10074741,PRKCB-chr16-24230186,PIK3CG-chr7-106508397,NRAS-chr1-115258747,NR4A3-chr9-102595561,NR3C2-chr4-149357051,MYH11-chr16-15917267,MN1-chr22-28193785,LRP1B-chr2-141609298,LINGO2-chr9-29178757,LINGO2-chr9-29123273,LINGO2-chr9-29117698,LINGO2-chr9-28778389,LINGO2-chr9-28064983,LAMB4-chr7-107732769,IL7R-chr5-35876645,IL21R-chr16-27448836,HELZ-chr17-65119071,FUS-chr16-31193877,FHIT-chr3-60412480,F8-chrX-154157378,EPHB6-chr7-142566125,CIITA-chr16-11002009,CHN1-chr2-175779934,CDK4-chr12-58144548,ATR-chr3-142269072,ATP7B-chr13-52534322,APC-chr5-112175328,APC-chr5-112164646,ALK-chr2-29416591
MA-25,0,4,0,0,0,0,0,0,0,1,0,1,0,0,0,0,0,0,0,0,0,1,2,0,0,0,0,0,0,0,1,0,0,0,4,0
MA-26,0,1,0,0,0,0,0,0,0,6,0,0,0,1,0,0,0,0,0,0,0,2,0,1,1,0,0,0,0,0,0,0,0,0,1,0
MA-27,5,1440,532,191,5,0,0,15,6,65,1,0,10,534,1,0,22,33,2,0,0,0,36,58,0,0,5,0,0,0,1035,0,2,3,53,0
MA-28,0,67,4,18,148,0,0,1,6,17,0,0,75,4,0,0,329,273,25,8,120,0,14,0,0,0,405,0,0,0,100,2,1,5,134,0
MA-29,0,559,19,0,0,0,0,0,0,104,0,0,17,6,0,2,1,68,0,5,0,0,0,0,9,0,5,0,0,3,40,0,3,0,27,0
MA-30,5,103,102,11,0,1,3,26,0,177,3,0,219,584,0,0,1,221,0,0,0,0,7,18,0,1,0,0,0,49,228,0,47,25,46,1
MA-31,21,47,317,222,1,0,2,0,1,4132,13,1,4,3,0,1,1,34,0,0,0,0,217,0,99,0,2,0,0,25,2,1,555,52,8,2
MA-32,49,24,316,2,3,0,0,0,0,769,21,0,24,1,0,1,0,31,2,0,0,0,6,0,0,2,5,0,0,1,51,0,105,9,18,1
MA-33,0,334,0,4,95,0,6,0,0,474,0,0,0,1,0,0,8,58,189,0,0,2,0,0,5,0,211,0,0,0,1288,2,4,297,90,0
MA-34,5,61,448,230,1,0,98,0,0,407,41,1,12,0,1,2,4,28,0,0,0,2,522,0,13,0,3,1,0,3,158,0,329,68,1477,0
MA-35,1,119,2,32,5,0,187,0,0,1512,0,0,3,0,0,0,13,28,3,2,9,95,7,0,48,0,71,1,0,7,655,0,0,5,1508,0
MA-36,748,71,613,25,0,0,2,19,1,895,0,1,143,7,0,0,42,114,0,1,0,12,46,4,68,151,0,0,0,40,16,2,67,324,24,0
MA-37,0,2632,2,329,2,1,2,0,6,67,1,0,0,3,0,2,21,147,0,21,0,504,2,7,0,0,0,0,0,718,111,0,0,83,1,0
MA-38,82,883,103,16,0,0,46,12,5,3638,4,5,3,118,0,1,0,35,0,0,0,2,5,73,3,0,0,1,0,0,2,0,3,0,34,0
MA-39,0,267,310,3,1,1,60,0,0,78,3,3,38,0,0,0,3,12,0,1,0,0,5,192,2,1,0,0,0,3,48,0,40,1,663,0
MA-40,2,19,18,124,0,1,0,0,29,23,0,0,59,3,0,0,79,1642,0,0,29,0,4,0,2,0,7,1,0,7,330,0,1,30,687,0
MA-41,38,34,52,0,0,0,0,55,0,3,1,0,170,27,0,0,1,42,0,0,0,1,4,0,15,1,0,1,0,14,778,1,1,1,4,0
MA-42,8,816,8,36,0,0,238,0,7,7642,2,1,9,1,0,0,0,645,0,0,0,0,217,9,93,3,0,0,0,0,6,0,13,2,103,0
MA-43,136,8,304,0,2,0,3,97,0,377,9,0,0,0,0,1,4,21,0,0,0,0,7,264,113,173,0,0,0,1,18,2,571,4,20,0
MA-44,1,581,0,0,6,0,0,0,3,1702,0,0,16,0,0,0,2,46,0,0,0,0,4,19,414,0,0,0,0,0,631,0,2,332,77,0
MA-45,0,43,48,14,330,0,1,0,0,31,0,0,0,3,0,0,16,13,0,292,2,87,260,0,128,0,0,0,0,1,3330,0,8,1,65,0
MA-46,5,41,39,33,0,0,92,64,6,416,1,0,2,128,0,0,380,386,0,0,0,0,79,13,109,14,0,0,0,9,5026,0,371,2,18,1
MA-47,0,173,153,7,0,0,0,0,4,70,11,2,0,0,0,0,3,12,0,0,0,0,0,0,21,15,0,1,0,2,107,0,343,109,0,1
MA-48,3,1,117,11,0,0,0,5,0,1338,162,1,17,1,0,2,22,42,0,0,0,0,355,0,38,0,0,0,0,0,111,0,1,904,101,0
MA-84,2,248,90,130,0,0,69,89,0,52,0,0,186,12,0,0,12,3,0,0,0,0,186,0,0,15,0,0,0,0,233,0,3,1,25,0
MA-85,0,9,26,110,7,0,1,0,12,382,0,0,3,102,0,0,4,4,22,0,11,1,214,0,0,0,55,0,0,56,443,0,2,0,1,1
MA-86,2,12,118,0,325,0,5,3,13,383,0,0,15,25,1,0,8,293,142,19,0,2,18,0,0,2,4,2,0,51,562,2,3,183,11,0
MA-87,2,120,908,5,0,0,533,290,0,22,18,0,1,2,0,1,6,6,0,0,0,0,28,0,44,21,0,1,0,225,3,0,2,5,185,0
MA-88,0,617,218,9,0,0,1,0,0,263,1,0,0,0,0,2,3,23,0,0,0,0,3,0,4,0,0,0,0,0,155,0,19,101,1687,0
MA-89,5,318,15,28,0,0,0,344,1,757,9,0,221,13,0,0,1,8,0,0,0,0,18,0,5,2,0,0,0,0,3,0,529,0,102,0
MA-90,0,5,188,1091,14,0,2,0,5,3,41,0,24,439,0,0,44,353,9,0,0,0,582,0,26,2,0,1,0,2,6,0,12,5,2462,1
MA-91,1,74,33,11,624,0,1,0,136,93,2,0,649,464,0,7,2,75,163,1,32,0,5,0,8,0,0,0,0,1,5,0,1,170,6,0
MA-92,0,71,70,21,2,0,94,0,0,382,137,0,2,1,0,0,1,65,0,0,1,0,14,2,0,0,0,0,0,27,0,0,17,2,294,0
MA-93,0,36,67,99,0,0,2,1,1,17,36,0,24,1,0,0,0,8,0,0,0,0,333,116,16,12,0,1,0,1,11,0,14,18,34,2
MA-95,0,721,156,10,0,0,19,1,0,1942,6,0,3,0,0,0,202,240,1,0,1,0,2,0,11,12,1,0,0,0,10,0,29,35,1026,0
MD-10,0,0,0,0,0,1,0,1,2,0,0,0,0,0,0,0,0,0,0,0,0,0,3,1,0,0,0,0,0,2,3,0,1,0,0,0
MD-11,0,0,0,1,0,0,0,0,0,1,0,1,0,0,1,0,0,0,0,0,0,0,0,0,0,0,0,0,0,0,0,0,1,0,1,0
MD-12,0,23,11,6,1,0,0,0,3,3,0,1,1,6,1,1,0,1,0,0,0,0,0,0,0,0,2,0,0,0,13,0,0,4,4,1
MD-13,0,1,0,1,1,0,0,0,0,1,0,0,0,0,0,0,0,0,0,0,0,1,0,0,0,0,0,0,0,0,2,0,0,0,1,0
MD-3,1,3,1,0,0,0,0,0,8,0,0,0,0,0,0,0,0,1,0,0,1,0,0,0,0,0,0,0,0,2,0,0,0,0,2,0
MD-4,1,0,0,0,0,0,0,0,0,2,0,0,0,0,0,0,0,0,0,0,0,0,0,0,0,0,0,0,0,0,0,0,0,0,0,0
MD-5,0,0,0,0,0,0,0,0,0,0,0,0,0,0,0,0,0,0,0,0,0,0,0,0,1,0,0,0,0,0,0,0,0,0,0,0
MD-7,0,2,2,0,0,0,0,0,2,0,0,0,0,0,0,1,0,0,0,0,0,0,0,0,0,0,0,0,0,0,0,0,0,1,3,0
MD-8,0,0,0,0,0,0,0,0,0,4,0,0,0,0,0,0,0,0,0,0,0,0,0,0,0,0,0,0,0,0,1,0,0,0,0,0
MD-9,0,0,0,0,2,0,0,0,0,0,0,0,0,0,0,0,0,0,0,0,0,0,0,0,0,0,0,0,0,0,0,0,0,1,0,0
PA-26,0,158,88,60,0,0,0,0,0,72,1,1,1,20,699,0,0,28,0,0,0,0,591,0,0,0,0,0,0,66,80,2,458,12,21,0
PA-27,0,4,21,1,0,0,1,0,0,3,0,1,0,3,0,0,0,0,0,0,0,0,0,0,0,0,0,0,0,3,2,0,0,2,10,0
PA-28,1,9,707,21,0,1,0,1,1,51,0,1,154,112,6,2,1,85,1,0,0,0,4,0,0,0,0,0,0,101,18,8,4,105,52,0
PA-29,0,8,15,0,0,0,0,0,1,11,0,0,21,65,11,8,0,1,0,0,0,0,8,0,0,1,0,0,0,52,2,9,25,273,1462,0
PA-31,0,11,0,0,0,0,0,0,0,18,0,0,0,0,0,0,0,4,0,0,0,0,0,0,0,0,0,0,0,2,0,0,2,0,2,0
PA-32,0,48,73,2,0,0,0,0,0,158,0,0,1,7,2,1,0,128,0,0,0,0,3,0,0,5,0,0,0,0,7,0,3,6,277,0
PA-38,0,2830,37,435,1,0,3,0,1,3209,0,4,47,19,71,0,1,152,0,0,0,2,2,0,2,4,0,0,0,133,150,0,319,182,43,2
PA-39,0,162,1,4,0,0,0,0,0,55,0,1,62,668,93,167,0,333,0,0,0,0,8,0,0,4,0,0,0,774,18,1,0,17,1038,1
PA-40,0,901,21,6,0,0,0,0,0,238,0,2,780,1,1,1,0,147,0,0,0,0,4,0,0,5,2,0,0,3,2,0,17,6,7,0
PA-41,0,151,111,3,0,0,0,0,0,23,0,0,17,38,84,175,0,18,0,0,0,0,215,0,0,16,0,0,0,5,238,0,27,71,9,0
PA-42,0,592,72,150,0,0,0,0,0,957,0,1,6,4,0,106,0,41,0,1,0,0,15,0,0,50,0,0,0,6,119,4,0,2084,39,0
PA-43,0,43,7,87,1,0,0,1,0,61,0,0,10,1,2,1,0,98,2,0,0,0,521,0,0,0,0,0,0,0,5,0,2,1,25,0
PA-46,1,1308,64,23,0,0,0,0,0,487,0,0,0,26,6,1,0,11,0,0,0,1,19,0,1,0,0,0,0,71,197,0,3,1,2,0
PA-47,0,243,12,2,1,0,1,0,0,55,0,0,171,22,6,3,0,60,0,0,0,0,12,1,0,10,0,0,0,9,28,1,8,8,757,0
PA-48,0,44,9,9,0,0,8,0,0,464,4,0,969,3,401,0,0,50,0,0,0,0,9,0,0,11,0,0,0,11,258,0,5,9,74,0
PA-49,0,14,343,5,1,0,0,0,0,160,0,1,6,13,46,6,0,3,1,0,0,0,14,0,0,0,0,0,0,32,9,0,1,1,1052,0
PA-51,0,39,0,77,0,0,0,0,0,177,0,0,252,19,1107,2,0,11,0,0,1,0,23,0,0,42,0,0,1,2,30,0,0,13,471,0
PA-52,2,55,5,8,0,0,0,0,0,14,1,0,51,47,90,11,1,32,0,0,0,0,31,0,0,5,0,1,0,0,598,0,0,6,237,0
PA-53,0,421,27,87,0,0,0,0,0,11,0,0,52,161,0,53,0,50,0,0,0,0,206,0,0,14,0,3,0,4,36,4,1,113,97,0
PA-54,0,2,1,9,0,0,0,0,0,23,0,0,2,0,0,1,0,1,0,0,0,2,1,0,0,0,0,0,0,0,15,0,0,2,3,1
PA-55,0,197,5,370,0,0,0,0,0,1023,0,0,73,2,7,4,0,29,0,0,0,0,82,0,0,4,0,1,0,0,829,0,33,14,4,0
PA-57,0,22,2,185,2,0,0,0,0,160,0,0,25,32,1,3,0,23,1,0,0,0,28,1,0,3,0,0,0,5,1,0,326,58,40,0
PA-58,0,173,60,122,0,0,0,0,3,24,0,1,7,25,43,389,0,116,0,0,0,0,0,0,0,3,1,0,0,119,33,0,5,3,10,1
PA-59,0,223,83,27,1,0,0,0,1,917,0,0,7,38,0,16,0,793,0,0,0,1,0,0,0,0,0,0,0,31,65,0,289,20,2,0
PA-61,0,32,85,30,0,0,2,0,1,17,0,0,37,26,0,14,0,27,0,0,0,0,1,0,0,1,0,0,0,60,42,0,19,0,175,0
PA-62,0,8,0,439,0,0,1,0,0,14,0,0,6,16,3,107,0,71,0,0,0,0,7,0,0,4,0,0,0,11,10,0,0,14,10,0
PA-63,0,254,18,392,0,0,1,2,0,37,0,1,144,121,16,8,0,37,0,1,1,0,96,0,1,3,0,0,0,42,356,0,3,500,1,0
PA-64,0,4357,2,4,0,0,0,0,2,14,0,1,11,57,7,17,0,1,0,0,0,0,2,0,0,13,0,0,0,0,199,0,40,0,4,0
PA-65,0,22,2,6,0,1,0,0,0,69,0,0,989,94,175,15,0,2,0,0,0,0,10,0,0,5,2,0,0,1,29,0,2,0,288,1
PA-68,0,12,2,49,0,0,0,0,0,1939,0,1,3,3,80,21,1,14,0,0,0,0,21,0,0,320,0,0,0,46,72,1,0,23,13,2
PA-70,0,27,44,9,0,2,2,0,1,18,0,1,19,86,6,75,0,3,0,0,0,0,13,1,0,58,0,0,0,161,1,5,0,105,29,0
PA-71,0,162,2,5,0,0,0,0,1,58,0,0,97,680,173,0,1,159,0,0,0,0,465,0,0,2,0,0,0,7,22,0,0,1,303,0
PA-73,0,6,22,101,0,0,0,2,0,10,0,0,1,57,0,1,2,7,0,0,0,0,2,1,0,22,0,0,0,8,12,0,0,0,4,0
PA-74,1,168,15,0,0,0,0,0,8,179,0,1,36,4,0,2,1,147,0,0,0,0,1,0,0,5,3,1,0,168,447,3,1,3,257,0
PA-77,0,542,1,3,0,0,1,0,2,1129,0,0,0,5,0,8,0,12,0,0,0,0,42,0,0,0,0,0,0,422,89,11,0,0,64,0
PD-1,0,1,8,4,0,3088,0,1,4,15,0,6152,2,0,3,0,0,1,0,0,0,0,5,0,0,0,0,203,0,2,4,294,1,5,14,478
PD-14,0,1,0,2,0,8,0,0,0,2,0,8,0,0,0,0,0,0,0,0,0,0,0,0,0,0,0,5,0,0,0,4,0,1,2,17
PD-16,0,1,5,2,0,9,0,1,4,3,0,40,1,0,1,0,0,0,0,0,0,0,1,0,0,0,0,5,0,1,1,15,0,1,6,13
PD-17,0,1,3,0,0,20,0,0,0,2,0,54,1,0,0,0,0,1,0,0,0,0,2,0,0,0,0,13,0,1,2,9,0,2,2,21
PD-18,0,3,0,0,0,3051,0,0,0,6,0,6048,0,0,2,0,0,0,0,0,0,0,2,0,0,0,0,180,0,0,1,265,0,1,4,425
PD-20,0,3,0,2,0,1,0,0,0,2,0,0,1,0,1,0,0,2,0,0,0,0,2,0,0,2,0,2116,0,2,2,3367,1,0,0,5803
PD-5,0,2,0,0,0,1,1,0,0,2,0,1,0,1,0,0,0,0,0,0,0,0,0,0,0,0,1,0,0,1,2,1,0,0,0,6
PD-7,4,2,0,0,1,2,0,0,0,2,0,2,0,1,0,0,0,2,0,0,0,0,0,0,0,0,0,0,0,0,2,3,1,0,0,1
PD-8,0,1,0,0,0,0,0,0,0,0,0,1,0,0,0,1,0,2,0,0,0,0,0,0,0,0,0,0,0,1,0,5,0,0,0,4
PD-9,0,17,0,0,0,4,0,0,0,2,0,4,0,0,0,0,0,0,0,0,0,0,0,0,0,0,0,8,0,0,2,6,0,0,3,10
PDD-1,0,0,0,0,0,0,0,0,0,0,0,0,0,0,0,1,0,0,0,0,0,0,0,0,0,0,0,0,0,1,0,0,0,0,0,0
PDD-10,0,0,0,0,0,0,0,0,1,0,0,0,0,0,0,0,0,0,0,0,0,0,0,0,0,0,0,0,5,0,1,0,1,0,0,0
PDD-11,0,0,0,0,0,0,0,0,1,0,0,0,0,0,0,2,0,0,1,0,0,0,0,0,0,0,0,0,12,0,0,0,0,0,0,0
PDD-12,0,0,0,2,0,0,0,0,0,0,1,0,0,0,0,0,0,0,0,0,0,0,0,0,0,0,0,2,15,0,0,0,0,0,0,0
PDD-13,0,0,0,0,0,0,0,0,0,0,0,0,0,0,0,0,0,0,0,0,0,0,0,0,0,0,0,0,23,0,0,0,0,0,0,0
PDD-14,0,0,0,0,0,0,0,0,0,0,0,0,0,0,0,0,0,0,0,0,0,0,0,0,0,0,0,0,58,0,0,0,0,0,0,0
PDD-15,0,0,0,0,0,0,0,0,0,0,3,0,0,0,0,0,0,0,0,0,0,0,0,0,0,0,0,0,5742,0,0,0,0,0,0,0
PDD-16,0,0,0,0,0,0,0,0,1,0,1,0,0,0,0,0,0,0,0,0,0,0,0,0,0,0,0,0,1,0,0,0,0,0,0,0
PDD-17,0,0,0,1,0,0,1,0,3,0,0,0,0,0,0,0,0,0,0,0,0,0,0,0,0,0,1,0,0,0,0,0,0,0,0,0
PDD-18,0,1,0,0,0,0,0,0,1,0,0,0,0,0,0,0,0,0,0,0,0,0,0,0,0,0,0,0,0,0,0,0,0,0,0,0
PDD-19,0,0,1,0,0,1,0,0,0,0,0,0,0,0,0,0,0,0,0,0,0,0,0,0,0,0,0,0,0,0,0,0,0,0,0,0
PDD-2,0,0,0,0,1,0,0,0,0,0,0,0,0,0,0,0,0,0,0,0,0,1,0,0,0,0,0,0,0,0,1,0,0,0,0,0
PDD-20,0,0,0,0,0,1,0,0,0,0,0,0,0,0,0,0,0,0,0,0,0,0,0,0,0,0,0,0,1,0,0,0,0,0,0,0
PDD-21,0,0,0,0,0,0,0,0,0,0,0,0,0,0,0,0,0,0,0,0,0,1,0,0,0,0,0,0,0,0,0,0,0,0,0,0
PDD-22,1,0,0,0,0,0,0,0,0,0,0,0,0,0,0,1,0,0,0,0,0,0,0,0,0,0,0,0,0,0,0,0,1,0,0,0
PDD-23,0,0,0,2,0,0,1,0,0,0,0,0,0,0,0,0,0,0,0,0,0,0,0,0,0,0,0,0,0,0,0,0,0,0,0,0
PDD-24,0,0,0,0,0,0,0,0,0,0,0,1,0,0,0,0,0,0,0,0,0,0,0,0,0,0,0,0,0,0,0,0,0,0,0,0
PDD-25,0,0,0,0,0,0,0,0,0,0,0,0,0,0,0,0,0,0,0,0,0,1,0,0,0,0,0,0,0,0,0,0,0,0,0,0
PDD-26,0,0,0,0,0,0,0,0,5,0,0,0,0,1,0,0,1,0,0,1,0,0,0,0,0,0,0,0,0,1,0,0,0,0,0,0
PDD-27,0,0,0,1,0,0,0,0,2,0,0,0,0,0,0,0,0,0,0,0,0,0,0,0,0,0,0,0,0,0,0,0,0,0,0,0
PDD-28,0,0,0,0,0,0,0,0,0,0,0,0,0,0,0,0,0,0,0,0,0,0,0,0,0,0,0,0,0,0,0,0,0,0,0,0
PDD-29,0,0,0,0,0,0,0,0,0,0,0,0,0,0,0,0,0,0,0,0,0,0,0,0,0,0,0,0,0,0,0,0,0,0,0,0
PDD-3,0,0,0,0,0,0,0,0,0,0,0,0,0,0,0,0,0,0,0,0,0,0,0,0,0,0,0,0,0,2,0,0,0,0,0,0
PDD-30,0,0,0,0,0,0,0,0,1,0,0,0,0,0,0,1,0,0,0,0,0,0,0,0,0,0,0,0,0,0,0,0,0,0,0,0
PDD-31,0,0,0,0,0,0,0,0,0,0,0,0,0,0,0,0,1,0,0,0,0,0,0,0,0,0,0,0,0,0,0,0,0,0,0,0
PDD-32,0,0,0,0,0,0,0,0,0,0,0,0,0,0,0,0,0,0,0,0,0,0,0,0,0,0,0,0,0,0,0,0,0,0,0,0
PDD-33,0,0,0,0,0,0,0,0,0,0,0,0,0,0,0,0,0,0,0,0,0,0,0,0,0,0,0,0,0,0,0,2,0,0,0,2
PDD-34,0,0,0,0,0,0,0,0,0,0,0,0,0,0,0,0,0,0,0,0,0,0,0,0,0,0,0,0,0,0,1,0,0,0,0,0
PDD-35,0,0,1,0,0,0,0,0,0,0,0,0,0,0,0,1,0,0,0,0,0,0,0,0,0,0,2,0,0,0,0,0,0,0,0,0
PDD-36,0,0,0,0,0,0,0,0,0,0,0,0,0,0,1,0,1,0,0,0,0,0,0,0,0,0,0,0,0,0,0,0,0,0,0,0
PDD-37,0,0,0,0,0,0,0,0,0,0,0,0,0,0,0,0,0,0,1,0,0,0,0,0,0,0,0,0,0,0,0,0,0,0,0,0
PDD-38,0,0,0,0,0,0,0,0,0,0,1,0,0,0,0,0,0,0,0,0,0,0,0,0,0,0,0,0,0,0,0,0,0,0,0,0
PDD-39,0,0,0,0,0,0,0,0,0,0,0,0,0,0,0,0,0,0,0,0,0,0,0,0,0,0,0,0,0,0,0,0,0,0,0,0
PDD-4,0,0,1,0,0,0,0,0,0,1,0,0,0,0,0,0,0,0,0,0,0,0,0,0,0,0,0,0,1,0,0,0,0,0,0,0
PDD-40,0,0,0,0,0,0,0,2,0,0,0,0,0,0,0,0,1,0,0,0,0,1,0,0,0,0,0,0,0,0,0,0,0,0,0,0
PDD-41,0,0,0,0,0,0,0,0,0,0,0,0,0,0,0,1,0,0,0,0,0,0,0,0,0,0,0,0,0,0,0,0,0,0,0,0
PDD-42,0,0,1,0,0,0,0,0,3,0,0,0,0,0,1,0,0,0,1,0,0,0,0,0,0,0,0,0,0,0,0,0,0,0,0,1
PDD-43,0,0,0,0,0,0,0,0,0,0,0,0,0,0,0,0,0,0,0,0,0,0,0,0,0,0,0,0,1,0,0,0,0,0,0,0
PDD-44,0,0,1,1,0,0,0,0,0,0,0,0,0,0,0,0,0,0,1,0,3,0,0,0,0,0,0,0,0,0,0,0,0,0,0,0
PDD-45,0,0,0,0,0,0,0,0,1,1,0,0,0,0,0,0,0,0,0,0,0,0,0,0,0,0,1,0,0,0,0,0,1,0,0,0
PDD-46,0,0,0,0,0,0,0,0,2,0,0,0,0,0,0,0,0,0,0,0,0,0,0,0,0,0,0,0,1,0,0,0,0,0,0,0
PDD-47,0,0,0,0,0,0,0,0,0,0,1,0,0,0,0,0,0,0,0,0,0,0,0,0,0,0,0,0,0,0,0,0,0,0,0,0
PDD-48,0,1,0,0,0,0,0,0,0,0,1,0,0,0,0,0,0,0,0,0,0,1,0,0,0,0,0,2,0,0,0,0,0,0,0,0
PDD-49,0,1,0,0,0,0,0,0,0,0,0,0,0,0,0,0,0,0,0,0,0,0,0,0,0,0,0,1,0,0,0,0,0,0,0,0
PDD-5,0,0,0,0,1,0,0,0,1,0,0,0,0,0,0,0,0,0,0,0,0,0,0,0,0,0,0,0,1,0,0,0,0,0,0,0
PDD-50,0,0,0,2,0,0,0,0,0,0,0,0,0,0,0,0,0,0,0,0,0,0,0,0,0,0,0,0,0,0,0,0,0,0,0,0
PDD-51,0,0,0,0,0,0,0,0,0,0,0,0,0,0,0,0,0,0,0,0,0,0,0,0,0,0,0,0,0,0,0,0,0,0,0,0
PDD-52,1,0,0,0,0,0,0,0,1,0,0,0,0,1,0,0,0,0,0,0,0,1,0,0,0,0,0,0,0,0,0,0,0,0,0,0
PDD-53,0,0,0,1,0,0,0,0,0,0,0,0,0,0,0,0,0,0,0,0,0,0,0,0,0,0,0,0,0,0,0,0,0,0,0,0
PDD-54,0,0,0,0,0,0,0,0,0,0,0,0,0,0,0,0,0,0,0,0,0,0,0,0,0,0,0,0,0,0,0,0,0,0,0,0
PDD-55,0,0,0,0,0,0,0,0,0,0,0,0,0,0,0,0,0,0,0,0,0,0,0,0,0,0,0,0,0,0,0,1,0,0,0,0
PDD-56,0,0,0,0,0,0,0,0,0,0,0,0,0,0,0,0,0,0,0,0,0,0,0,0,0,0,0,0,0,0,0,0,0,0,0,0
PDD-57,0,0,0,0,0,0,0,0,0,0,0,0,0,0,0,0,0,0,0,0,0,0,0,0,0,0,0,0,0,0,0,0,0,0,0,0
PDD-58,1,0,0,0,0,0,0,0,0,0,0,0,0,0,0,0,0,0,0,0,0,0,0,1,0,0,0,0,1,0,0,0,0,0,0,0
PDD-59,0,0,0,0,0,0,0,0,0,0,0,0,0,0,0,0,0,0,0,0,0,0,0,0,0,0,0,0,0,1,0,0,0,0,0,0
PDD-6,0,0,0,0,0,0,0,0,0,0,0,0,0,0,0,0,0,0,0,0,0,0,0,0,0,0,0,0,3,0,0,0,0,0,0,0
PDD-60,0,0,0,0,0,0,0,0,0,0,0,0,0,0,0,0,0,0,0,0,0,0,0,0,0,0,0,0,0,0,0,0,0,0,0,0
PDD-61,0,0,0,0,0,0,0,0,0,0,0,0,0,0,0,1,0,0,0,0,1,0,0,0,0,0,0,0,0,0,0,0,0,0,0,0
PDD-62,0,0,1,0,0,0,0,0,0,1,1,0,0,0,0,0,0,0,0,0,0,0,0,0,0,0,0,0,0,0,0,0,0,0,0,0
PDD-63,0,1,0,0,0,0,0,0,0,0,0,0,0,0,0,0,0,0,0,0,0,0,1,0,0,0,0,0,0,0,0,0,0,0,0,0
PDD-64,0,1,0,0,0,0,0,0,0,0,0,0,0,0,0,0,0,0,0,0,0,0,0,0,0,0,0,0,1,0,0,0,0,0,0,0
PDD-65,0,1,0,0,0,0,0,0,2,0,0,0,0,0,1,0,0,3,0,0,0,0,0,0,0,0,0,1,0,0,0,0,0,0,0,0
PDD-66,0,0,0,0,0,0,0,0,0,0,0,0,0,0,0,0,0,0,0,0,2,0,0,0,0,0,0,0,2,0,0,0,0,0,0,0
PDD-67,0,0,0,0,0,0,0,0,2,0,0,0,0,0,0,0,0,0,0,0,0,0,0,0,0,0,0,0,1,0,0,0,0,0,0,0
PDD-68,0,0,0,0,0,0,0,0,0,0,0,0,0,0,0,0,0,0,0,0,0,1,0,0,0,0,0,0,0,0,1,0,0,0,0,0
PDD-69,0,0,0,0,0,0,0,0,0,1,0,0,0,0,0,0,0,0,0,0,0,0,0,0,0,0,0,0,0,0,0,0,0,0,0,0
PDD-7,0,0,0,0,0,0,0,1,1,0,0,0,0,0,0,0,0,0,0,0,0,1,0,0,0,0,0,0,0,0,0,0,0,0,0,0
PDD-70,0,0,0,0,0,0,0,0,0,0,0,0,0,0,0,0,0,0,2,0,0,0,0,0,0,0,0,0,0,0,1,0,0,0,0,0
PDD-71,0,0,0,0,0,0,0,0,1,0,0,1,0,0,0,2,0,0,0,0,0,0,0,0,0,0,0,0,3,1,0,0,0,0,0,0
PDD-72,0,0,0,0,0,0,0,0,0,0,1,1,0,0,0,0,0,0,0,0,0,0,0,0,0,0,0,0,1,0,0,0,0,0,0,0
PDD-73,0,0,0,0,0,0,0,0,0,0,1,0,0,0,0,0,0,0,0,0,0,0,0,0,0,0,0,0,0,0,1,0,0,0,0,0
PDD-74,0,0,0,0,0,0,1,0,0,0,0,1,0,0,1,0,0,0,0,0,0,0,0,0,0,0,0,0,0,0,0,0,0,0,0,0
PDD-75,0,0,0,0,0,0,0,0,2,1,0,0,1,0,0,0,0,0,0,0,0,0,0,0,0,0,0,0,0,0,0,0,0,0,0,0
PDD-76,0,0,0,0,0,0,0,0,0,0,0,0,0,0,0,0,0,0,0,0,0,0,0,0,0,0,0,1,0,0,1,0,0,0,0,0
PDD-77,0,0,0,0,0,0,0,0,1,0,0,0,0,0,0,0,0,0,0,0,0,0,0,0,0,0,0,0,0,0,0,2,0,0,0,0
PDD-78,0,0,0,0,0,0,0,0,0,0,0,0,0,0,0,0,0,0,0,0,0,0,0,0,0,0,0,0,0,0,0,0,0,0,0,0
PDD-79,0,0,0,0,0,0,0,0,0,0,0,0,0,0,0,0,0,0,0,0,0,0,0,0,0,0,0,0,0,0,0,0,0,0,0,0
PDD-8,0,0,0,0,0,0,1,0,0,0,0,0,0,0,0,0,0,0,0,0,0,0,0,0,0,0,0,0,1,0,0,0,0,0,0,0
PDD-80,0,0,0,0,0,0,0,0,0,0,1,0,0,0,0,0,0,0,0,0,0,0,0,0,0,0,0,0,0,0,0,0,0,0,0,0
PDD-81,0,0,0,0,0,0,0,0,1,0,0,2,1,0,0,0,0,0,0,0,0,0,0,0,0,0,0,0,0,0,0,0,0,0,0,0
PDD-82,0,0,1,0,0,0,0,0,0,0,0,0,1,0,1,0,0,0,0,0,0,0,0,0,0,0,0,0,1,0,0,0,0,0,0,1
PDD-83,0,0,0,0,0,0,0,0,1,0,0,0,0,0,0,0,0,0,0,0,0,0,0,0,0,0,0,0,0,0,0,0,0,0,0,0
PDD-84,1,0,0,0,2,0,0,0,0,0,0,0,0,0,0,0,0,0,0,0,0,0,0,0,0,0,0,0,0,1,0,0,0,0,0,0
PDD-85,0,0,0,0,0,0,0,0,0,0,0,0,0,0,0,0,0,0,0,0,0,0,0,0,0,0,0,0,1,0,0,0,1,0,0,0
PDD-86,0,0,0,0,0,0,0,0,0,1,0,0,0,0,0,0,0,0,0,0,0,0,0,0,0,0,0,0,0,1,0,0,0,0,0,0
PDD-87,0,0,0,0,0,0,1,0,0,0,0,0,0,0,0,0,0,0,0,0,0,0,0,0,0,0,0,0,0,0,0,0,0,0,0,0
PDD-88,0,0,0,2,0,0,0,0,0,0,0,0,0,0,0,0,0,0,0,0,0,0,0,2,0,0,1,0,0,0,0,0,0,0,0,0
PDD-89,0,0,0,0,0,0,0,0,0,0,0,0,0,0,0,0,0,0,0,0,0,0,0,0,0,0,0,0,0,0,0,0,0,0,0,0
PDD-9,0,0,0,1,0,0,0,0,0,0,0,0,0,0,0,0,0,0,0,0,0,0,0,0,0,0,0,0,1,0,0,0,0,0,0,0
PDD-90,0,0,0,0,0,0,0,0,6,0,0,0,0,0,0,0,0,0,1,0,0,0,0,0,0,0,0,1,0,0,0,0,0,0,0,0
PDD-91,0,0,0,0,0,0,0,0,1,0,1,0,0,0,0,0,0,0,0,0,0,0,0,0,0,0,0,0,0,0,0,0,0,0,0,0
PDD-92,0,0,0,0,0,0,0,0,2,0,0,0,0,0,0,0,0,0,0,0,0,0,0,0,0,0,0,0,0,0,0,1,0,0,0,0
PDD-93,0,0,0,0,0,0,0,0,0,0,0,0,0,0,0,0,0,0,0,0,0,0,0,0,0,0,0,0,0,0,0,2,0,0,0,0
PDD-94,0,0,0,0,0,0,0,3,0,0,0,0,0,0,0,2,0,0,0,0,0,0,0,0,0,0,1,0,0,0,0,1,0,0,0,0
PDD-95,0,0,0,1,0,0,0,0,0,0,0,0,0,0,0,0,0,0,0,0,0,0,0,0,0,0,0,0,0,0,0,0,0,0,0,0
PDD-96,0,0,0,0,0,0,0,0,0,0,0,0,0,0,0,0,0,0,0,0,0,0,0,0,0,0,0,0,0,0,0,0,0,0,0,0
