,TSHZ3-chr19-31768568,TP53-chr17-7577548,TOX-chr8-59851979,STRN-chr2-37105068,SPEN-chr1-16258997,SPEN-chr1-16202934,PTPRD-chr9-10074741,PRKCB-chr16-24230186,PIK3CG-chr7-106508397,NRAS-chr1-115258747,NR4A3-chr9-102595561,NR3C2-chr4-149357051,MYH11-chr16-15917267,MN1-chr22-28193785,LRP1B-chr2-141609298,LINGO2-chr9-29178757,LINGO2-chr9-29123273,LINGO2-chr9-29117698,LINGO2-chr9-28778389,LINGO2-chr9-28064983,LAMB4-chr7-107732769,IL7R-chr5-35876645,IL21R-chr16-27448836,HELZ-chr17-65119071,FUS-chr16-31193877,FHIT-chr3-60412480,F8-chrX-154157378,EPHB6-chr7-142566125,CIITA-chr16-11002009,CHN1-chr2-175779934,CDK4-chr12-58144548,ATR-chr3-142269072,ATP7B-chr13-52534322,APC-chr5-112175328,APC-chr5-112164646,ALK-chr2-29416591,cluster_id
MA-25,0,0,0,-1,0,0,0,0,0,0,0,0,0,0,0,0,0,-1,0,0,0,0,0,0,0,-1,0,-1,-1,0,0,0,-1,0,0,0,0
MA-26,0,0,0,0,0,-1,-1,0,0,0,0,0,0,0,0,0,0,0,0,-1,-1,0,0,0,-1,0,0,0,0,0,0,0,-1,0,0,0,0
MA-27,0,1,1,1,0,0,0,0,0,1,0,-1,0,1,0,-1,1,1,0,0,0,0,1,1,0,0,0,0,0,0,1,0,0,0,1,0,3
MA-28,0,1,-1,0,1,0,0,0,1,1,0,0,1,0,0,0,1,1,1,0,1,0,1,0,0,0,1,0,-1,0,1,0,0,0,1,0,2
MA-29,0,1,1,-1,0,0,0,0,-1,1,0,0,1,1,0,0,0,1,0,0,0,0,0,0,1,0,0,0,0,0,1,0,0,-1,1,0,2
MA-30,0,1,1,1,0,0,-1,1,0,1,-1,-1,1,1,0,0,0,1,0,0,0,0,0,0,0,-1,0,0,0,1,1,0,0,1,1,0,3
MA-31,0,1,1,1,0,0,0,0,0,1,1,0,0,0,0,0,0,1,0,0,0,0,1,0,1,0,0,0,0,1,0,0,1,1,-1,0,3
MA-32,1,1,1,0,0,0,0,0,0,1,1,0,1,0,0,0,0,1,0,0,0,0,1,0,0,-1,0,0,0,0,1,0,1,1,1,0,3
MA-33,0,1,0,0,1,-1,1,0,-1,1,0,0,0,0,0,0,1,1,1,0,-1,0,-1,0,-1,-1,1,0,0,-1,1,0,0,1,1,0,2
MA-34,0,1,1,1,0,0,1,0,0,1,1,0,1,0,0,0,0,1,0,0,0,0,1,0,1,0,-1,0,-1,-1,1,0,1,0,1,0,3
MA-35,0,1,0,1,0,0,1,0,0,1,0,0,0,-1,0,0,1,1,0,0,0,1,-1,0,1,0,1,0,0,-1,1,0,0,0,1,0,2
MA-36,1,1,1,1,0,0,0,1,0,1,0,0,1,0,-1,0,1,1,0,0,0,1,1,0,1,1,0,0,0,1,1,0,0,1,0,0,3
MA-37,-1,1,0,1,0,0,0,0,1,1,0,0,0,-1,-1,0,1,1,0,1,0,1,0,1,0,0,0,0,0,1,1,0,0,1,-1,0,2
MA-38,1,1,1,0,0,0,1,0,0,1,0,0,0,1,0,0,0,1,0,0,0,0,1,1,0,-1,0,0,0,-1,0,0,0,-1,1,0,3
MA-39,-1,1,1,0,0,0,1,0,0,1,0,0,1,0,-1,-1,-1,1,0,0,0,0,0,1,-1,0,0,0,0,0,1,0,0,0,1,0,3
MA-40,0,1,0,1,0,0,0,0,1,1,0,0,1,-1,0,0,1,1,0,0,1,0,-1,0,0,0,0,0,0,0,1,0,0,0,1,0,2
MA-41,1,1,1,0,0,0,0,1,0,-1,0,0,1,1,0,-1,0,1,0,0,-1,0,-1,-1,1,-1,0,0,0,0,1,0,0,0,-1,0,3
MA-42,1,1,1,1,0,0,1,0,0,1,0,-1,1,0,0,-1,0,1,0,0,0,0,1,1,1,-1,0,0,-1,0,0,0,0,-1,1,0,3
MA-43,1,1,1,-1,0,0,0,1,0,1,0,0,0,-1,0,0,0,1,0,0,0,0,1,1,1,1,-1,0,0,0,1,0,1,0,1,0,3
MA-44,0,1,-1,0,0,0,0,0,0,1,0,0,1,0,0,0,0,1,0,0,0,0,-1,1,1,0,0,0,0,0,1,0,0,1,0,0,3
MA-45,0,1,1,0,1,-1,0,0,0,1,0,0,0,0,0,0,1,1,-1,1,0,1,1,0,1,-1,0,0,0,0,1,0,0,0,1,0,2
MA-46,0,1,1,1,0,0,1,1,0,1,-1,0,-1,1,0,0,1,1,0,0,0,-1,1,1,1,1,0,0,0,0,1,0,1,0,1,0,3
MA-47,0,1,1,0,0,0,0,0,0,1,1,0,0,-1,0,-1,0,1,0,0,-1,0,-1,0,1,1,0,0,0,0,1,0,1,1,0,0,3
MA-48,0,-1,1,1,0,0,0,0,0,1,1,0,1,0,0,0,1,1,0,-1,-1,0,1,0,1,0,0,0,0,0,1,0,0,1,0,0,3
MA-84,-1,1,1,1,0,0,1,1,-1,1,0,-1,1,1,0,0,1,-1,0,0,0,0,1,0,-1,1,0,0,0,0,1,0,0,0,1,0,3
MA-85,0,-1,1,1,0,0,-1,0,1,1,0,0,0,1,0,0,-1,-1,1,-1,1,0,1,0,0,0,1,0,0,1,1,0,0,0,0,0,2
MA-86,0,1,1,0,1,0,1,0,0,1,0,0,1,1,0,0,0,1,1,1,0,0,1,0,0,0,0,0,0,1,1,0,0,1,1,0,2
MA-87,0,1,1,-1,0,0,1,1,0,1,1,0,0,0,-1,0,1,-1,0,0,0,0,1,-1,1,1,0,0,0,1,-1,0,0,0,1,0,3
MA-88,-1,1,1,1,0,0,0,0,-1,1,-1,0,-1,-1,0,0,0,1,0,0,0,0,-1,0,0,-1,0,0,0,0,1,0,1,0,1,0,3
MA-89,0,1,1,1,0,0,0,1,0,1,1,0,1,1,0,0,0,-1,0,0,0,0,1,0,1,0,0,0,0,-1,0,0,1,0,1,0,3
MA-90,-1,-1,1,1,0,0,0,0,0,-1,1,0,1,1,0,0,1,1,1,0,0,0,1,0,1,0,0,-1,0,0,1,0,0,0,1,0,3
MA-91,0,1,1,1,1,0,0,0,1,1,0,0,1,1,0,1,0,1,1,0,1,-1,-1,0,0,0,0,0,0,-1,0,0,0,1,0,0,2
MA-92,0,1,1,1,0,0,1,0,0,1,1,0,0,0,0,0,0,1,0,0,0,-1,1,0,0,-1,0,0,0,1,0,0,0,0,1,0,3
MA-93,0,1,1,1,0,0,0,-1,0,1,1,0,0,0,0,0,-1,-1,0,0,-1,0,1,1,1,1,0,0,0,-1,0,0,1,1,1,0,3
MA-95,0,1,1,1,0,0,1,0,0,1,0,0,-1,-1,0,0,1,1,0,0,0,-1,0,0,1,1,0,0,0,0,0,0,1,0,1,0,3
MD-10,0,0,0,0,0,0,0,0,0,0,-1,0,-1,0,-1,0,0,0,0,0,0,-1,-1,-1,-1,0,-1,-1,0,0,0,0,0,0,0,0,0
MD-11,-1,0,0,0,0,0,0,0,0,0,0,0,0,-1,0,0,0,0,0,0,0,0,0,0,0,0,0,-1,0,-1,-1,0,0,0,0,0,0
MD-12,0,1,0,-1,0,0,0,0,0,0,0,0,0,-1,0,0,0,0,0,-1,0,0,0,0,0,-1,-1,0,0,0,1,0,0,0,0,0,0
MD-13,0,0,-1,0,0,0,0,0,0,0,0,0,0,0,0,-1,-1,-1,0,0,0,0,-1,0,-1,0,0,-1,0,-1,0,0,-1,0,0,0,0
MD-3,0,0,0,0,0,0,-1,0,0,0,0,0,0,0,0,0,0,0,-1,-1,0,-1,0,-1,-1,0,-1,-1,-1,0,0,0,0,0,0,0,0
MD-4,0,0,-1,-1,0,0,-1,-1,0,0,0,-1,0,0,0,-1,-1,-1,0,-1,0,0,0,-1,0,-1,-1,-1,0,-1,0,0,0,-1,-1,0,0
MD-5,0,0,0,0,0,0,-1,0,0,0,-1,0,-1,0,0,-1,-1,0,-1,0,0,-1,0,0,-1,0,-1,-1,0,0,0,0,-1,0,0,0,0
MD-7,0,0,0,0,0,-1,0,-1,0,0,0,0,0,-1,-1,0,-1,0,-1,0,0,-1,-1,-1,-1,0,0,-1,-1,-1,0,0,0,0,0,0,0
MD-8,-1,0,0,-1,0,0,0,0,0,0,-1,-1,0,0,-1,-1,-1,-1,0,-1,0,-1,0,0,-1,-1,-1,0,-1,-1,0,0,-1,0,0,0,0
MD-9,0,0,-1,-1,0,0,0,0,-1,0,0,0,0,0,0,-1,0,0,0,-1,-1,0,0,0,-1,0,-1,-1,-1,-1,0,0,0,0,0,0,0
PA-26,0,1,1,1,0,0,0,0,0,1,0,-1,0,1,1,-1,0,1,0,0,0,0,1,0,0,-1,0,0,0,1,1,0,1,1,0,0,1
PA-27,0,0,1,0,0,0,-1,-1,0,0,0,0,-1,0,0,0,0,0,0,0,0,0,0,0,0,0,-1,-1,-1,-1,0,0,0,0,0,0,0
PA-28,-1,1,1,1,0,0,0,0,0,1,0,0,1,1,0,0,0,1,0,0,-1,0,-1,0,0,0,-1,0,0,1,1,0,0,1,1,0,1
PA-29,0,-1,1,-1,0,0,0,0,0,1,0,0,1,1,0,1,0,-1,0,0,-1,-1,1,-1,0,0,0,0,-1,1,0,0,1,1,1,0,1
PA-31,-1,1,-1,-1,-1,-1,-1,-1,-1,1,-1,-1,-1,-1,-1,-1,-1,-1,-1,-1,-1,-1,-1,-1,-1,-1,-1,-1,-1,-1,-1,-1,-1,-1,-1,-1,1
PA-32,0,1,1,0,0,0,0,0,0,1,0,-1,0,-1,0,0,0,1,0,0,0,0,0,0,0,0,0,0,0,0,0,0,0,0,1,0,1
PA-38,0,1,1,1,0,0,0,0,0,1,0,0,1,1,1,0,0,1,0,0,0,0,0,0,0,0,0,0,0,1,0,0,1,1,0,0,1
PA-39,0,1,0,0,0,0,0,0,0,1,0,-1,1,1,0,1,0,1,0,0,-1,0,1,0,0,0,0,-1,0,1,1,0,0,1,1,0,1
PA-40,0,1,1,0,0,0,0,0,0,1,0,0,1,-1,0,0,0,1,0,0,0,0,-1,0,0,0,0,0,-1,0,0,0,1,0,0,0,1
PA-41,0,1,1,0,0,0,-1,0,-1,1,0,0,1,1,1,1,0,1,0,0,0,0,1,0,0,0,0,-1,0,0,1,0,1,1,1,0,1
PA-42,-1,1,1,1,0,-1,0,0,0,1,0,0,0,-1,0,1,0,1,0,0,-1,-1,1,0,0,1,0,0,0,0,1,0,0,1,0,0,1
PA-43,0,1,0,1,0,0,0,0,-1,1,0,0,1,0,0,0,0,1,0,0,-1,0,1,0,0,-1,0,0,0,-1,-1,0,0,0,1,0,1
PA-46,0,1,1,1,0,0,0,0,0,1,0,0,-1,1,0,-1,0,0,0,0,0,0,1,-1,0,-1,-1,0,0,1,1,0,-1,0,-1,0,1
PA-47,0,1,0,0,0,0,0,0,0,1,0,0,1,1,1,-1,0,1,-1,-1,0,0,0,-1,0,1,0,0,0,-1,1,0,0,1,1,0,1
PA-48,0,1,1,1,0,0,1,0,0,1,0,0,1,-1,1,0,0,1,0,0,0,0,1,0,0,1,-1,0,0,1,1,0,0,1,1,0,1
PA-49,0,1,1,-1,0,0,0,0,0,1,0,0,1,1,1,1,-1,-1,0,-1,0,-1,1,0,0,0,0,0,0,1,1,0,0,0,1,0,1
PA-51,0,1,0,1,0,0,0,0,0,1,0,0,1,1,1,-1,0,1,0,0,0,0,1,0,0,1,0,0,0,0,1,0,0,0,1,0,1
PA-52,0,1,-1,-1,0,0,0,0,0,1,0,0,1,1,0,1,0,1,0,0,0,0,1,0,0,0,0,0,0,0,1,0,0,0,1,0,1
PA-53,0,1,1,1,0,0,0,0,-1,1,0,0,1,1,-1,1,0,1,0,0,0,0,1,0,0,0,-1,0,0,0,1,0,0,1,1,0,1
PA-54,0,-1,0,0,0,0,0,-1,-1,1,0,0,0,0,0,-1,0,0,0,-1,-1,0,0,-1,0,-1,-1,0,0,0,1,0,0,0,0,0,0
PA-55,0,1,0,1,0,0,0,0,0,1,0,0,1,-1,1,0,0,1,0,0,0,0,1,0,0,0,0,0,0,0,1,0,1,1,-1,0,1
PA-57,0,1,0,1,0,0,0,0,0,1,0,0,0,0,0,-1,0,1,0,0,0,-1,1,0,0,-1,0,0,0,0,-1,0,1,1,1,0,1
PA-58,0,1,1,1,0,0,0,0,0,1,0,0,1,1,1,1,0,1,0,0,-1,-1,-1,0,0,-1,0,-1,0,1,0,0,0,-1,1,0,1
PA-59,0,1,1,1,0,0,0,0,0,1,0,-1,0,1,0,0,0,1,0,0,0,0,-1,-1,0,0,0,-1,0,1,1,0,1,1,0,0,1
PA-61,0,1,1,1,0,0,0,-1,0,1,0,0,1,1,0,1,0,1,0,0,-1,0,-1,0,0,0,0,0,0,1,1,0,0,0,1,0,1
PA-62,0,-1,0,1,0,0,0,0,0,1,0,0,1,1,0,1,0,1,0,0,0,0,1,0,-1,0,0,0,0,1,1,0,-1,1,1,0,1
PA-63,0,1,0,1,0,0,0,0,0,1,-1,0,1,1,1,0,0,1,0,0,0,0,1,0,0,0,0,0,-1,1,1,0,0,1,0,0,1
PA-64,0,1,0,0,0,0,0,0,-1,1,0,0,1,1,0,1,0,0,0,0,0,0,-1,0,0,1,0,0,0,0,1,0,1,-1,0,0,1
PA-65,0,1,-1,1,0,0,0,0,-1,1,0,0,1,1,1,1,0,0,0,0,0,0,1,0,0,1,0,-1,0,0,1,0,0,0,1,0,1
PA-68,0,1,-1,1,0,0,0,0,0,1,0,0,-1,-1,1,0,0,0,0,0,0,0,1,0,0,1,0,0,0,1,1,0,0,1,1,0,1
PA-70,0,1,1,0,0,0,0,0,0,1,0,0,1,1,1,1,0,0,0,0,-1,0,1,-1,0,1,0,0,0,1,0,0,0,1,1,0,1
PA-71,0,1,0,1,0,0,0,0,0,1,0,0,1,1,0,0,0,1,0,0,0,0,1,0,0,0,0,0,0,1,1,0,-1,0,1,0,1
PA-73,0,-1,1,1,0,0,0,0,0,-1,0,0,-1,1,0,-1,0,0,0,0,-1,-1,-1,0,0,1,0,0,0,1,1,0,0,0,0,0,1
PA-74,0,1,1,0,0,0,0,0,0,1,0,0,1,0,0,-1,0,1,0,0,0,0,0,0,0,1,0,0,0,1,1,0,-1,0,1,0,1
PA-77,0,1,0,-1,0,0,0,0,0,1,0,0,0,0,0,-1,-1,1,0,0,0,-1,1,-1,-1,0,0,-1,0,1,1,0,0,0,1,0,1
PD-1,0,0,0,0,0,1,0,0,0,0,0,1,0,0,0,0,0,0,0,0,0,0,0,0,0,0,0,1,0,0,0,1,0,0,0,1,0
PD-14,-1,0,0,-1,0,1,-1,0,0,0,0,0,0,0,0,-1,-1,0,0,-1,0,0,-1,-1,-1,-1,-1,0,-1,-1,0,0,-1,0,0,1,0
PD-16,0,0,0,-1,0,1,-1,0,0,0,0,1,-1,0,0,-1,-1,0,0,0,0,-1,0,-1,0,0,0,1,-1,-1,0,1,-1,0,0,0,0
PD-17,0,0,0,-1,0,1,0,0,-1,0,-1,1,-1,0,0,-1,-1,0,0,-1,0,0,-1,0,0,-1,-1,1,-1,0,0,0,0,0,0,1,0
PD-18,0,-1,0,0,0,1,0,0,0,0,0,1,0,-1,0,-1,0,0,0,0,-1,0,0,-1,0,-1,-1,1,0,-1,0,1,0,0,0,1,0
PD-20,0,-1,0,0,0,0,0,0,-1,0,-1,0,0,-1,0,0,0,0,-1,0,0,0,-1,-1,-1,-1,0,1,0,-1,0,1,-1,0,-1,1,0
PD-5,0,0,0,0,0,0,0,0,-1,0,-1,0,-1,-1,0,0,0,0,0,-1,-1,0,-1,-1,-1,-1,0,0,0,-1,0,0,0,0,-1,0,0
PD-7,0,0,0,-1,0,0,0,0,-1,0,0,-1,-1,0,0,-1,-1,0,-1,-1,0,0,-1,0,-1,0,-1,0,-1,-1,0,0,0,0,-1,0,0
PD-8,-1,0,-1,-1,0,0,-1,0,0,0,0,-1,-1,-1,0,0,0,-1,0,0,0,-1,-1,0,-1,0,0,0,-1,0,0,1,0,0,-1,0,0
PD-9,-1,0,0,-1,0,0,-1,0,0,0,0,0,0,0,0,0,0,-1,0,0,0,0,-1,0,0,-1,-1,0,-1,-1,0,1,-1,0,0,0,0
PDD-1,0,0,-1,0,0,-1,0,0,0,0,0,0,-1,0,0,0,-1,-1,0,-1,0,0,-1,-1,0,0,0,0,0,0,0,0,0,0,0,0,0
PDD-10,0,0,0,0,0,0,0,0,0,0,0,0,0,0,0,0,0,0,0,0,0,0,0,0,0,0,0,0,1,0,0,0,0,0,0,0,0
PDD-11,0,0,0,0,0,0,0,0,0,0,0,0,0,0,0,0,0,-1,0,-1,0,0,0,0,-1,0,0,0,1,0,0,0,0,0,0,0,0
PDD-12,0,0,-1,0,0,0,0,0,0,0,0,0,0,-1,-1,-1,0,0,0,0,0,0,0,0,0,0,0,0,0,0,0,0,0,0,0,0,0
PDD-13,-1,0,0,-1,0,0,-1,0,-1,0,0,0,0,-1,-1,0,0,0,0,0,-1,0,-1,-1,-1,-1,0,-1,1,-1,0,0,-1,-1,0,-1,0
PDD-14,0,0,0,0,0,0,0,0,0,0,0,0,0,0,0,0,0,0,0,0,0,0,0,-1,0,0,0,-1,1,0,0,0,0,0,0,0,0
PDD-15,0,0,-1,0,0,0,0,0,0,0,0,0,0,-1,0,0,0,-1,-1,-1,-1,0,-1,0,0,-1,0,0,1,0,0,0,-1,0,0,0,0
PDD-16,0,-1,0,0,0,0,0,0,0,0,0,0,0,0,0,0,0,0,0,-1,0,0,0,-1,0,0,0,0,0,0,0,0,0,-1,0,0,0
PDD-17,0,0,0,0,0,0,0,0,0,0,-1,0,0,0,0,0,0,0,0,0,0,0,-1,0,0,0,0,0,0,0,0,0,0,-1,0,0,0
PDD-18,0,0,0,0,0,0,0,0,0,0,0,0,0,0,0,0,0,0,0,0,-1,0,0,0,0,0,0,0,0,0,0,0,0,0,0,0,0
PDD-19,0,0,0,0,0,0,0,0,0,0,0,0,0,0,0,0,-1,-1,0,0,0,0,0,0,0,0,0,-1,0,0,0,0,0,0,0,0,0
PDD-2,0,0,-1,0,0,0,0,0,0,0,0,0,0,0,0,0,0,0,0,0,-1,0,-1,0,0,0,0,0,0,0,0,0,0,0,0,0,0
PDD-20,0,0,0,0,0,0,0,0,0,0,0,0,0,0,-1,0,0,0,0,0,0,0,0,0,0,0,0,0,0,0,0,0,0,0,0,0,0
PDD-21,-1,-1,-1,-1,0,-1,-1,-1,-1,-1,-1,-1,-1,-1,-1,-1,-1,-1,-1,-1,-1,0,-1,-1,-1,-1,-1,-1,-1,-1,0,-1,-1,-1,-1,-1,0
PDD-22,0,0,0,0,0,0,0,0,0,0,0,0,0,0,0,0,0,0,0,0,0,0,0,0,-1,0,0,0,0,0,0,0,0,0,0,0,0
PDD-23,0,0,0,0,0,0,0,0,0,0,0,0,0,0,0,0,0,0,0,0,0,0,0,0,0,0,0,0,0,0,0,0,0,0,0,0,0
PDD-24,0,0,0,0,0,0,0,0,0,0,0,0,0,0,0,0,0,0,0,0,0,0,0,0,-1,0,0,0,0,0,0,0,0,0,0,0,0
PDD-25,0,-1,0,0,0,-1,0,0,0,0,0,0,0,0,0,0,0,0,0,0,0,0,0,0,0,0,0,0,0,0,0,0,0,0,0,0,0
PDD-26,0,0,-1,-1,0,0,0,0,0,0,0,0,0,0,0,0,0,0,-1,0,-1,0,0,0,0,0,0,0,0,0,0,0,0,0,0,0,0
PDD-27,0,0,0,0,0,0,0,0,0,0,0,0,0,0,0,0,0,0,0,0,0,0,0,0,0,0,0,0,0,0,0,0,0,0,0,0,0
PDD-28,0,0,0,0,0,0,0,0,0,0,0,0,0,0,0,0,-1,-1,0,0,0,0,0,0,0,0,-1,-1,-1,0,0,0,0,0,0,-1,0
PDD-29,-1,-1,-1,-1,-1,-1,-1,-1,-1,-1,-1,-1,-1,-1,-1,-1,-1,-1,-1,-1,-1,-1,-1,-1,-1,-1,-1,-1,-1,-1,-1,-1,-1,-1,-1,-1,0
PDD-3,0,0,0,0,0,0,0,-1,0,0,0,0,0,0,0,0,0,0,0,0,0,0,0,0,0,0,0,0,0,0,0,0,0,0,0,0,0
PDD-30,0,0,0,0,0,0,0,0,0,0,0,0,0,-1,0,0,0,0,0,0,0,0,0,0,0,0,0,0,-1,0,0,0,0,0,0,0,0
PDD-31,-1,0,0,0,0,0,0,0,0,0,0,-1,0,-1,0,0,0,0,0,0,-1,0,0,-1,-1,-1,-1,-1,-1,0,0,0,-1,0,0,0,0
PDD-32,0,0,0,0,0,0,0,0,0,0,0,0,-1,-1,0,0,0,0,0,-1,0,0,0,0,0,0,0,0,0,0,0,0,0,0,0,0,0
PDD-33,0,0,0,0,0,-1,0,0,0,0,0,0,0,0,0,0,0,-1,-1,-1,0,0,0,-1,0,-1,0,0,0,0,-1,0,0,-1,-1,0,0
PDD-34,0,-1,0,0,0,0,0,0,0,0,0,0,0,0,0,0,0,0,0,-1,-1,0,0,0,0,-1,0,0,0,0,0,0,0,0,0,0,0
PDD-35,0,0,0,0,0,0,0,0,0,0,0,0,0,0,0,0,0,0,0,0,0,0,0,0,0,0,0,0,0,-1,0,0,0,0,0,0,0
PDD-36,0,0,0,0,0,0,0,0,0,0,0,0,0,0,0,0,0,0,0,0,0,0,-1,-1,-1,0,0,0,0,0,0,0,0,0,0,0,0
PDD-37,0,0,0,0,0,0,0,0,0,0,0,0,0,0,0,0,0,0,0,0,-1,0,0,0,0,0,0,0,0,0,0,0,0,0,0,0,0
PDD-38,0,0,0,0,0,0,0,0,0,0,0,0,-1,0,-1,0,0,0,-1,0,-1,0,0,0,0,0,0,0,0,0,0,0,0,0,0,0,0
PDD-39,0,0,0,0,0,0,0,0,0,0,0,0,0,0,0,-1,0,0,0,0,0,0,0,0,0,0,0,0,0,0,0,0,0,0,0,0,0
PDD-4,0,0,0,0,0,0,0,-1,0,0,0,0,0,0,0,0,0,-1,0,0,0,0,0,0,-1,0,0,0,0,0,0,0,0,0,0,0,0
PDD-40,0,0,0,-1,0,-1,0,0,0,0,0,0,0,-1,0,0,0,0,0,0,0,0,0,0,0,0,0,0,0,-1,0,-1,0,0,0,0,0
PDD-41,0,0,0,0,0,0,0,0,0,0,0,0,0,0,0,0,0,0,0,0,0,0,0,0,0,0,0,0,0,0,0,0,0,0,0,0,0
PDD-42,0,0,0,0,0,0,0,-1,0,0,0,0,0,0,0,0,0,-1,0,-1,0,-1,0,0,0,0,0,-1,0,0,0,0,0,-1,-1,0,0
PDD-43,0,0,0,0,0,0,0,0,0,0,0,0,0,0,0,0,0,0,0,0,-1,-1,0,0,0,0,0,0,0,0,0,0,0,0,0,0,0
PDD-44,0,0,0,0,0,0,0,0,0,0,0,0,0,0,0,0,0,0,0,0,0,0,0,0,0,0,0,0,0,0,0,-1,0,0,0,0,0
PDD-45,0,0,0,0,0,0,-1,0,0,0,0,0,0,0,0,0,0,0,0,0,0,0,0,0,0,0,0,0,0,0,0,0,0,0,0,0,0
PDD-46,0,0,0,0,0,0,0,0,0,0,0,0,0,0,0,0,0,0,0,0,0,0,0,0,0,0,0,0,0,0,0,0,0,0,0,0,0
PDD-47,0,0,0,0,0,0,0,0,0,0,0,0,0,0,0,0,0,0,-1,0,0,0,0,0,-1,0,0,0,0,0,0,0,0,0,0,0,0
PDD-48,0,0,0,0,0,0,0,0,0,0,0,0,0,0,0,-1,0,0,0,-1,0,0,0,0,0,0,0,0,0,0,0,0,0,0,0,0,0
PDD-49,0,0,0,0,0,0,-1,-1,0,0,0,0,0,0,0,0,0,0,0,0,-1,0,0,0,0,0,0,0,0,0,0,0,0,0,0,0,0
PDD-5,0,0,0,0,0,0,0,0,0,0,0,0,0,0,0,0,0,0,0,0,0,0,0,0,0,0,0,0,0,0,0,0,0,0,0,0,0
PDD-50,0,0,0,0,0,0,0,0,0,0,0,0,0,0,0,0,0,0,0,0,0,0,0,0,0,0,0,0,-1,0,0,0,0,0,0,0,0
PDD-51,0,0,0,0,0,0,0,0,-1,0,0,0,0,0,0,0,0,0,0,0,-1,0,0,0,-1,0,0,0,0,0,0,0,-1,0,-1,0,0
PDD-52,0,0,0,0,0,0,0,0,0,0,0,0,0,0,0,0,-1,-1,0,0,0,0,0,0,-1,0,-1,0,0,0,0,0,0,0,-1,0,0
PDD-53,0,0,0,0,0,0,0,0,0,0,0,0,0,0,0,0,0,0,0,0,0,0,0,0,0,-1,0,0,0,0,0,0,0,0,0,0,0
PDD-54,0,-1,0,0,0,0,0,0,0,0,0,0,0,0,0,0,0,0,0,-1,0,0,-1,-1,0,0,0,0,0,0,0,0,0,0,0,0,0
PDD-55,0,0,0,0,0,0,0,0,0,0,0,0,0,-1,0,-1,-1,-1,0,0,0,-1,0,0,-1,0,0,0,-1,0,0,0,0,0,0,0,0
PDD-56,0,0,0,0,0,0,0,0,0,0,0,-1,-1,0,-1,0,0,0,0,0,0,0,0,0,-1,0,0,0,-1,0,0,0,0,0,0,0,0
PDD-57,0,0,0,0,0,0,0,0,0,0,-1,0,0,-1,0,0,0,0,0,0,0,0,0,0,-1,-1,0,0,0,0,0,0,0,0,0,0,0
PDD-58,0,0,0,0,0,0,0,0,0,0,-1,0,0,0,0,0,0,0,0,0,0,0,0,0,0,0,0,0,0,0,0,0,0,0,-1,0,0
PDD-59,0,0,0,0,0,0,0,0,0,0,0,0,0,0,0,0,0,0,0,0,0,0,0,0,-1,0,0,0,0,0,0,0,0,0,0,0,0
PDD-6,0,0,0,0,0,0,0,0,0,0,0,0,0,0,0,0,0,0,0,-1,0,0,0,0,0,0,0,0,0,0,0,0,0,0,0,0,0
PDD-60,0,-1,0,-1,0,-1,-1,0,0,0,0,0,-1,-1,0,-1,-1,-1,0,0,-1,0,-1,0,0,-1,-1,0,0,0,0,-1,0,-1,0,0,0
PDD-61,0,0,0,0,0,-1,0,0,0,0,0,0,0,0,-1,0,0,0,0,-1,0,0,-1,0,0,0,0,-1,0,0,0,0,0,0,0,0,0
PDD-62,0,0,0,0,0,0,0,0,0,0,0,0,0,0,0,0,0,0,-1,0,0,0,-1,-1,0,0,0,0,0,0,0,0,0,0,-1,0,0
PDD-63,-1,0,0,0,0,-1,-1,0,0,0,0,0,0,-1,0,-1,0,0,0,0,0,0,0,0,0,0,0,0,0,0,0,0,0,-1,-1,0,0
PDD-64,0,0,0,0,0,-1,-1,0,0,0,0,0,0,-1,0,-1,0,0,0,0,0,0,0,0,0,0,0,-1,0,0,0,0,0,-1,-1,0,0
PDD-65,0,0,-1,0,0,0,0,0,0,0,0,0,0,-1,0,0,0,0,0,0,0,0,0,0,0,0,0,0,0,0,0,0,0,0,0,0,0
PDD-66,-1,-1,-1,0,-1,-1,-1,-1,0,-1,0,0,-1,-1,0,-1,-1,-1,-1,0,0,0,-1,-1,-1,0,0,0,-1,0,-1,-1,-1,0,0,0,0
PDD-67,-1,-1,0,0,-1,0,0,-1,0,0,0,0,-1,-1,0,-1,0,0,0,0,0,0,-1,0,-1,0,0,-1,0,0,-1,0,0,0,0,0,0
PDD-68,0,0,0,0,0,0,0,0,0,0,0,0,0,0,0,0,0,0,0,0,-1,0,0,0,0,0,0,0,0,0,0,0,0,0,0,0,0
PDD-69,0,0,0,0,0,0,0,0,0,0,0,0,0,-1,0,0,0,0,0,0,0,0,0,0,0,0,-1,0,0,0,0,0,0,0,0,0,0
PDD-7,0,0,0,0,0,0,0,0,0,0,0,0,0,0,0,0,0,0,0,0,0,0,0,0,0,0,-1,0,0,0,0,0,0,0,0,0,0
PDD-70,0,0,0,0,0,-1,-1,0,0,0,-1,0,-1,0,0,0,-1,-1,0,0,-1,0,0,0,-1,0,0,0,-1,0,0,0,0,0,0,0,0
PDD-71,0,0,0,0,0,0,0,0,0,0,0,0,0,-1,0,0,0,0,0,-1,0,0,0,0,-1,0,-1,0,0,0,0,0,0,0,0,0,0
PDD-72,0,0,-1,0,0,0,0,0,0,0,0,0,0,0,0,0,0,0,0,-1,-1,0,0,-1,0,-1,0,0,0,0,0,0,0,0,0,0,0
PDD-73,0,0,0,0,0,0,0,0,0,0,0,0,0,0,0,0,0,0,0,0,0,0,-1,0,-1,0,0,0,-1,0,0,0,-1,0,0,0,0
PDD-74,0,0,0,0,0,0,0,0,0,0,0,0,0,0,0,0,0,0,0,0,0,0,0,0,0,0,0,0,0,0,0,0,0,0,0,0,0
PDD-75,0,0,0,-1,0,0,0,0,0,0,0,0,0,0,0,0,0,0,0,0,-1,0,-1,-1,0,0,0,0,0,-1,0,0,0,0,0,0,0
PDD-76,0,-1,0,0,0,0,0,0,0,0,0,0,0,0,0,0,0,0,0,0,-1,0,0,0,-1,0,0,0,0,0,0,0,0,0,0,0,0
PDD-77,0,-1,0,-1,0,0,0,0,0,0,0,0,0,-1,0,0,0,0,-1,0,0,0,0,0,0,0,0,0,0,0,0,0,0,0,0,0,0
PDD-78,0,0,0,0,0,0,0,0,0,0,0,0,0,0,0,0,0,-1,0,0,0,0,0,0,0,0,-1,0,0,0,0,0,0,0,0,0,0
PDD-79,0,0,0,0,0,-1,0,0,0,0,0,0,0,-1,0,0,0,0,0,-1,-1,0,0,0,-1,0,0,0,0,0,0,0,0,0,0,0,0
PDD-8,0,0,0,0,0,0,0,0,0,0,0,0,0,0,0,0,0,0,0,0,0,0,0,0,0,0,0,0,0,0,0,0,0,0,0,0,0
PDD-80,0,0,0,0,0,0,0,0,0,0,0,0,-1,0,0,0,0,0,0,0,0,0,0,0,0,0,0,0,0,0,0,0,0,0,0,0,0
PDD-81,0,0,0,0,0,0,0,0,0,0,0,0,0,0,-1,0,0,0,0,0,-1,0,0,-1,-1,0,0,0,0,0,0,0,0,0,0,0,0
PDD-82,0,0,0,0,0,0,-1,0,0,0,0,0,0,0,0,0,0,0,0,0,0,0,0,0,-1,0,-1,0,0,0,0,0,0,0,0,0,0
PDD-83,0,0,0,0,0,0,0,0,0,0,0,0,0,0,0,0,0,0,-1,0,0,0,0,0,-1,0,-1,0,-1,-1,0,0,0,0,0,0,0
PDD-84,0,0,0,0,0,-1,0,0,0,0,0,0,0,0,0,-1,0,0,0,0,0,0,0,0,0,0,0,0,0,0,0,0,0,0,0,0,0
PDD-85,0,0,0,0,0,0,0,0,0,0,0,0,0,-1,0,0,0,0,0,0,0,0,-1,0,0,-1,0,-1,0,-1,0,0,0,0,0,0,0
PDD-86,0,0,0,0,-1,0,0,0,0,0,-1,0,0,0,0,0,0,0,0,0,-1,0,0,0,0,0,0,0,0,0,0,0,0,0,0,0,0
PDD-87,0,-1,0,0,0,0,0,0,0,0,0,0,-1,0,0,0,-1,-1,0,0,-1,0,-1,0,0,-1,-1,-1,0,0,0,0,0,0,0,0,0
PDD-88,0,0,0,0,0,0,-1,0,0,0,0,0,0,0,0,0,0,0,0,0,0,0,-1,0,0,0,0,0,0,0,0,0,0,-1,-1,0,0
PDD-89,0,0,0,0,0,0,0,0,-1,0,0,0,0,0,0,0,0,0,0,0,-1,0,-1,0,0,0,0,0,0,0,-1,0,0,0,0,0,0
PDD-9,0,0,0,0,0,0,0,0,0,0,0,0,0,0,0,-1,0,0,0,0,0,0,0,0,0,0,0,0,0,0,0,0,0,0,0,0,0
PDD-90,0,0,0,0,-1,0,0,0,0,0,0,0,0,0,-1,0,0,-1,0,0,-1,0,-1,0,0,0,0,0,0,0,0,0,0,0,0,0,0
PDD-91,0,0,0,0,0,-1,0,0,0,0,0,0,0,0,0,0,0,0,0,0,-1,0,0,-1,-1,0,0,0,0,0,0,0,0,0,0,0,0
PDD-92,0,0,0,0,0,0,-1,0,0,0,0,0,0,0,0,0,0,0,0,0,0,0,0,0,0,0,0,0,0,0,0,0,0,0,0,0,0
PDD-93,0,0,0,0,0,0,0,0,0,0,0,0,0,0,0,0,0,0,0,-1,0,0,-1,0,0,0,0,-1,0,0,0,0,0,0,0,0,0
PDD-94,0,-1,0,0,0,0,0,0,0,0,-1,0,0,0,-1,0,0,-1,0,0,0,0,0,0,0,0,0,0,0,-1,0,0,0,0,0,0,0
PDD-95,0,0,0,0,0,0,0,0,0,0,0,-1,0,0,0,0,0,0,0,0,0,0,0,0,0,0,0,0,-1,-1,0,-1,-1,0,0,0,0
PDD-96,0,-1,0,0,0,0,0,-1,0,0,-1,0,-1,0,0,0,0,0,0,0,-1,-1,0,0,-1,-1,-1,0,0,0,0,0,0,0,0,0,0
