,chr13:32907415:T/A,chr3:30715619:C/G,chr3:30715617:G/T,chr8:38314915:G/T,chr10:131506192:C/T,chr10:131506283:C/T,chr1:158612236:A/G
M04_1:cell_1,30,255,255,292,22,22,71
M04_1:cell_10,58,63,63,59,71,71,14
M04_1:cell_100,48,195,195,178,311,311,160
M04_1:cell_101,228,292,292,115,371,373,204
M04_1:cell_102,99,177,177,0,27,27,77
M04_1:cell_103,2,47,47,273,165,167,48
M04_1:cell_104,13,42,42,0,69,69,137
M04_1:cell_105,170,132,132,314,96,96,5
M04_1:cell_106,37,81,161,101,10,10,32
M04_1:cell_107,111,144,289,268,123,123,161
M04_1:cell_108,8,112,112,66,36,36,119
M04_1:cell_109,94,110,110,526,288,288,156
M04_1:cell_11,47,115,115,420,36,36,24
M04_1:cell_110,46,117,117,92,68,68,89
M04_1:cell_111,123,169,170,198,136,136,68
M04_1:cell_112,49,73,73,136,9,9,28
M04_1:cell_113,19,102,207,207,86,86,26
M04_1:cell_114,280,259,259,286,144,143,24
M04_1:cell_115,230,81,81,139,20,20,0
M04_1:cell_116,34,0,0,97,171,171,86
M04_1:cell_117,196,352,352,502,431,429,256
M04_1:cell_118,280,147,147,428,124,125,80
M04_1:cell_119,101,134,134,335,165,165,4
M04_1:cell_12,29,79,79,259,120,120,135
M04_1:cell_120,6,21,21,39,5,5,1
M04_1:cell_121,18,162,162,60,218,215,189
M04_1:cell_122,35,78,78,227,22,22,64
M04_1:cell_123,150,52,104,98,58,58,22
M04_1:cell_124,37,190,380,54,51,51,64
M04_1:cell_125,76,85,171,196,144,143,16
M04_1:cell_126,273,131,257,22,166,166,64
M04_1:cell_127,17,38,38,308,45,45,20
M04_1:cell_128,15,237,237,271,101,96,200
M04_1:cell_129,0,0,0,244,3,3,208
M04_1:cell_13,48,66,66,88,23,23,18
M04_1:cell_130,337,295,295,461,118,118,57
M04_1:cell_131,245,93,186,292,161,161,124
M04_1:cell_132,208,27,27,179,191,191,34
M04_1:cell_133,15,191,191,78,111,111,156
M04_1:cell_134,22,41,41,163,90,90,28
M04_1:cell_135,100,111,111,287,113,113,238
M04_1:cell_136,67,0,0,14,1,1,168
M04_1:cell_137,88,158,158,134,65,65,36
M04_1:cell_138,161,133,133,258,62,63,20
M04_1:cell_139,333,73,83,253,54,54,35
M04_1:cell_14,13,152,304,393,70,70,70
M04_1:cell_140,37,408,817,246,294,294,76
M04_1:cell_141,33,225,225,423,101,101,124
M04_1:cell_142,47,55,110,159,14,14,75
M04_1:cell_143,76,37,74,14,49,48,61
M04_1:cell_144,218,27,52,192,184,184,85
M04_1:cell_145,69,67,134,8,55,55,124
M04_1:cell_146,26,184,364,736,197,197,178
M04_1:cell_147,39,142,284,86,23,23,9
M04_1:cell_148,63,68,68,214,165,166,0
M04_1:cell_149,140,116,116,3,17,17,60
M04_1:cell_15,49,55,108,290,123,123,2
M04_1:cell_150,182,32,65,117,22,22,49
M04_1:cell_151,705,196,199,647,882,880,64
M04_1:cell_152,87,123,123,0,287,287,97
M04_1:cell_153,384,283,283,561,219,219,69
M04_1:cell_154,26,64,127,333,71,71,114
M04_1:cell_155,106,251,503,93,67,67,28
M04_1:cell_156,65,46,90,200,101,101,10
M04_1:cell_157,37,28,31,46,22,22,42
M04_1:cell_158,1,40,41,176,83,83,6
M04_1:cell_159,32,45,45,163,46,46,208
M04_1:cell_16,99,106,108,256,149,149,0
M04_1:cell_160,172,103,206,0,135,136,478
M04_1:cell_161,115,10,20,30,85,85,16
M04_1:cell_162,82,195,388,121,115,115,107
M04_1:cell_163,121,159,320,177,39,39,34
M04_1:cell_164,158,66,133,52,164,163,166
M04_1:cell_165,118,188,188,163,43,43,144
M04_1:cell_166,12,112,226,101,94,94,0
M04_1:cell_167,24,171,177,113,167,167,10
M04_1:cell_168,186,0,0,26,120,120,51
M04_1:cell_169,231,105,210,164,498,494,685
M04_1:cell_17,24,141,142,28,117,117,72
M04_1:cell_170,87,158,315,214,112,112,4
M04_1:cell_171,195,389,775,348,366,366,90
M04_1:cell_172,157,168,168,704,317,317,138
M04_1:cell_173,31,125,252,273,112,112,112
M04_1:cell_174,257,196,200,577,79,79,90
M04_1:cell_175,29,147,147,218,68,68,17
M04_1:cell_176,69,51,51,184,30,30,79
M04_1:cell_177,222,32,32,46,86,86,93
M04_1:cell_178,23,79,81,273,23,23,47
M04_1:cell_179,210,158,158,302,220,219,204
M04_1:cell_18,15,120,120,488,179,179,8
M04_1:cell_180,17,115,115,71,2,2,102
M04_1:cell_181,134,151,303,109,131,131,190
M04_1:cell_182,5,140,282,127,93,93,329
M04_1:cell_183,69,109,109,42,1,1,57
M04_1:cell_184,155,30,30,294,123,123,44
M04_1:cell_185,269,146,286,330,120,120,320
M04_1:cell_186,49,172,345,54,115,115,386
M04_1:cell_187,106,111,222,222,102,102,36
M04_1:cell_188,20,60,60,107,136,136,122
M04_1:cell_189,58,19,19,109,45,45,56
M04_1:cell_19,16,111,111,77,107,108,114
M04_1:cell_190,40,167,167,291,92,92,49
M04_1:cell_191,38,171,171,189,68,68,156
M04_1:cell_192,31,56,56,21,40,40,185
M04_1:cell_193,67,0,0,27,338,337,170
M04_1:cell_194,79,83,164,78,254,254,18
M04_1:cell_195,37,221,235,33,211,209,40
M04_1:cell_196,14,94,188,0,31,31,108
M04_1:cell_197,14,76,76,224,24,24,260
M04_1:cell_198,23,49,49,386,163,163,100
M04_1:cell_199,40,148,148,144,76,76,18
M04_1:cell_2,2,228,228,442,136,133,40
M04_1:cell_20,142,85,171,254,43,43,68
M04_1:cell_200,33,48,96,32,27,27,248
M04_1:cell_201,162,55,55,92,78,78,22
M04_1:cell_202,220,214,217,153,386,386,158
M04_1:cell_203,69,122,123,8,74,74,7
M04_1:cell_204,23,43,45,462,63,63,22
M04_1:cell_205,13,109,109,49,21,21,22
M04_1:cell_206,207,37,37,56,69,63,50
M04_1:cell_207,52,104,207,78,110,110,28
M04_1:cell_208,80,139,139,423,168,168,58
M04_1:cell_209,82,174,183,130,153,154,125
M04_1:cell_21,158,120,120,183,175,175,54
M04_1:cell_210,43,137,139,69,10,10,0
M04_1:cell_211,14,98,98,201,423,423,8
M04_1:cell_212,18,167,168,207,225,225,146
M04_1:cell_213,85,35,35,292,148,147,26
M04_1:cell_214,335,170,170,297,249,248,221
M04_1:cell_215,67,190,190,499,71,71,41
M04_1:cell_216,29,15,15,18,103,104,11
M04_1:cell_217,69,143,143,1,25,25,106
M04_1:cell_218,87,175,175,133,24,24,62
M04_1:cell_219,187,63,63,511,72,73,85
M04_1:cell_22,203,72,144,52,186,186,134
M04_1:cell_220,95,28,56,79,50,50,36
M04_1:cell_221,89,171,175,124,103,103,0
M04_1:cell_222,29,52,52,107,60,60,62
M04_1:cell_223,73,148,148,83,123,123,76
M04_1:cell_224,129,127,254,10,25,25,6
M04_1:cell_225,145,38,38,121,72,70,158
M04_1:cell_226,109,155,155,619,100,100,53
M04_1:cell_227,551,762,762,1041,539,539,260
M04_1:cell_228,176,0,0,0,217,217,186
M04_1:cell_229,34,19,38,18,88,88,48
M04_1:cell_23,355,153,153,511,428,428,328
M04_1:cell_230,101,112,112,0,185,186,258
M04_1:cell_231,7,100,100,225,21,21,26
M04_1:cell_232,19,145,154,118,90,89,111
M04_1:cell_233,365,32,32,7,254,255,120
M04_1:cell_234,158,287,287,297,94,94,123
M04_1:cell_235,36,194,197,22,49,49,221
M04_1:cell_236,99,157,157,44,145,143,114
M04_1:cell_237,87,89,89,200,517,515,167
M04_1:cell_238,202,90,90,87,32,32,0
M04_1:cell_239,57,21,21,63,208,208,34
M04_1:cell_24,41,62,62,489,65,65,106
M04_1:cell_240,18,60,60,210,104,104,104
M04_1:cell_241,134,0,0,73,76,73,195
M04_1:cell_242,128,181,184,211,94,94,118
M04_1:cell_243,59,98,102,62,38,39,76
M04_1:cell_244,382,143,285,1,30,30,116
M04_1:cell_245,29,132,265,8,150,150,0
M04_1:cell_246,102,145,291,351,135,135,135
M04_1:cell_247,379,58,117,0,296,296,40
M04_1:cell_248,147,110,220,265,276,276,188
M04_1:cell_249,53,192,192,86,214,213,153
M04_1:cell_25,88,0,0,18,168,168,205
M04_1:cell_250,137,41,41,305,104,103,118
M04_1:cell_251,107,50,50,110,160,160,98
M04_1:cell_252,130,383,405,181,167,167,147
M04_1:cell_253,31,50,50,46,17,17,24
M04_1:cell_254,26,15,30,45,70,70,56
M04_1:cell_255,103,151,152,436,57,57,114
M04_1:cell_256,203,90,90,243,130,130,30
M04_1:cell_257,27,97,97,119,49,49,10
M04_1:cell_258,25,223,446,107,49,48,0
M04_1:cell_259,26,0,0,210,59,59,78
M04_1:cell_26,189,130,257,198,25,25,128
M04_1:cell_260,70,274,274,219,255,254,38
M04_1:cell_261,69,99,99,98,31,31,8
M04_1:cell_262,70,95,95,326,154,154,52
M04_1:cell_263,27,151,151,67,7,7,356
M04_1:cell_264,72,37,37,98,60,60,94
M04_1:cell_265,279,2,2,62,232,232,176
M04_1:cell_266,141,63,126,144,44,42,173
M04_1:cell_267,389,192,192,441,98,95,159
M04_1:cell_268,0,254,254,327,6,6,0
M04_1:cell_269,5,33,66,143,30,30,110
M04_1:cell_27,79,72,72,7,80,80,37
M04_1:cell_270,16,251,251,344,349,349,66
M04_1:cell_271,77,203,206,415,36,36,46
M04_1:cell_272,12,79,79,14,219,219,76
M04_1:cell_273,117,113,113,160,103,103,14
M04_1:cell_274,16,96,102,143,51,51,58
M04_1:cell_275,75,51,102,157,71,71,50
M04_1:cell_276,26,97,194,51,5,5,16
M04_1:cell_277,9,22,44,169,21,21,78
M04_1:cell_278,10,45,45,175,43,43,138
M04_1:cell_279,86,134,134,142,157,157,48
M04_1:cell_28,109,110,222,256,229,229,90
M04_1:cell_280,91,605,604,479,715,717,256
M04_1:cell_281,22,224,224,158,71,71,16
M04_1:cell_282,290,265,523,615,334,334,225
M04_1:cell_283,133,263,264,1131,370,370,92
M04_1:cell_284,149,76,145,125,86,86,8
M04_1:cell_285,79,90,179,19,128,128,6
M04_1:cell_286,75,132,132,7,44,44,168
M04_1:cell_287,117,216,218,190,282,282,243
M04_1:cell_288,132,240,240,94,108,108,176
M04_1:cell_289,23,56,113,83,23,23,28
M04_1:cell_29,21,14,14,20,173,173,24
M04_1:cell_290,201,70,70,105,152,151,31
M04_1:cell_291,9,223,223,210,46,46,36
M04_1:cell_292,38,70,70,205,91,91,16
M04_1:cell_293,26,404,404,54,145,146,56
M04_1:cell_294,65,106,106,263,180,178,46
M04_1:cell_295,34,84,84,15,125,125,64
M04_1:cell_296,24,100,100,146,10,10,43
M04_1:cell_297,97,35,70,131,47,42,52
M04_1:cell_298,34,135,271,22,42,42,56
M04_1:cell_299,11,79,79,0,103,101,54
M04_1:cell_3,44,95,95,374,57,57,57
M04_1:cell_30,155,86,87,161,57,57,180
M04_1:cell_300,242,76,76,174,200,200,241
M04_1:cell_301,25,45,63,3,307,308,112
M04_1:cell_302,110,194,194,79,151,152,78
M04_1:cell_303,68,69,69,1,40,40,27
M04_1:cell_304,145,175,175,0,52,50,42
M04_1:cell_305,75,45,88,103,148,147,24
M04_1:cell_306,54,70,70,54,12,12,47
M04_1:cell_307,8,25,46,15,136,136,20
M04_1:cell_308,152,69,72,51,107,107,110
M04_1:cell_309,90,159,166,192,107,107,13
M04_1:cell_31,85,61,65,22,78,78,56
M04_1:cell_310,71,132,265,280,87,87,90
M04_1:cell_311,127,364,729,311,340,341,301
M04_1:cell_312,588,134,134,0,0,0,100
M04_1:cell_313,61,4,8,144,98,98,193
M04_1:cell_314,17,97,97,17,254,252,62
M04_1:cell_315,158,90,91,137,77,77,66
M04_1:cell_316,81,140,281,14,45,45,48
M04_1:cell_317,98,120,236,144,575,576,94
M04_1:cell_318,22,29,58,30,25,25,155
M04_1:cell_319,103,143,281,130,124,125,125
M04_1:cell_32,60,183,367,39,84,84,44
M04_1:cell_320,31,87,87,127,16,16,20
M04_1:cell_321,20,119,119,385,214,216,32
M04_1:cell_322,74,7,14,290,93,94,334
M04_1:cell_323,245,47,94,83,33,33,12
M04_1:cell_324,100,145,145,27,66,66,138
M04_1:cell_325,21,125,128,134,40,40,18
M04_1:cell_326,268,76,76,13,78,78,71
M04_1:cell_327,158,832,832,28,282,282,645
M04_1:cell_328,220,113,226,27,147,145,6
M04_1:cell_329,29,142,142,57,123,123,34
M04_1:cell_33,19,219,227,392,278,278,22
M04_1:cell_330,71,133,133,300,100,100,22
M04_1:cell_331,77,82,82,249,199,199,54
M04_1:cell_332,121,79,79,93,16,16,90
M04_1:cell_333,134,131,131,239,236,235,26
M04_1:cell_334,97,14,14,33,64,64,30
M04_1:cell_335,84,66,132,87,7,7,14
M04_1:cell_336,68,45,45,39,60,60,46
M04_1:cell_337,59,55,55,84,132,132,16
M04_1:cell_338,3,124,124,299,91,88,22
M04_1:cell_339,125,180,362,425,497,496,78
M04_1:cell_34,104,68,68,100,24,24,66
M04_1:cell_340,247,357,711,201,186,186,463
M04_1:cell_341,38,90,179,113,104,104,112
M04_1:cell_342,48,80,161,43,54,54,51
M04_1:cell_343,185,75,75,161,221,222,241
M04_1:cell_344,120,272,282,3,55,55,102
M04_1:cell_345,121,87,107,102,93,93,46
M04_1:cell_346,85,1,1,75,45,45,46
M04_1:cell_347,50,99,198,77,99,99,44
M04_1:cell_348,10,85,85,287,78,78,8
M04_1:cell_349,239,234,234,425,66,66,121
M04_1:cell_35,140,102,102,325,125,125,10
M04_1:cell_350,37,39,39,84,52,52,82
M04_1:cell_351,267,154,154,457,237,237,176
M04_1:cell_352,21,18,18,118,68,68,47
M04_1:cell_353,32,178,356,407,74,75,14
M04_1:cell_354,96,115,230,292,30,30,72
M04_1:cell_355,104,123,124,242,73,73,72
M04_1:cell_356,90,129,256,153,63,63,104
M04_1:cell_357,49,83,83,115,25,25,10
M04_1:cell_358,88,51,51,73,37,37,60
M04_1:cell_359,182,113,113,129,34,34,2
M04_1:cell_36,99,46,46,78,25,25,52
M04_1:cell_360,33,78,78,134,165,165,144
M04_1:cell_361,9,114,114,23,91,91,61
M04_1:cell_362,32,136,138,392,190,190,70
M04_1:cell_363,79,127,127,136,70,70,214
M04_1:cell_364,33,166,166,0,307,307,198
M04_1:cell_365,129,201,404,10,178,178,54
M04_1:cell_366,39,92,184,94,156,156,29
M04_1:cell_367,12,125,250,475,142,142,38
M04_1:cell_368,45,45,45,129,71,71,36
M04_1:cell_369,29,57,57,317,120,120,54
M04_1:cell_37,34,137,138,16,72,72,16
M04_1:cell_370,71,120,129,153,36,36,109
M04_1:cell_371,266,224,232,272,379,379,90
M04_1:cell_372,237,20,20,328,289,289,20
M04_1:cell_373,174,114,114,0,18,18,12
M04_1:cell_374,254,210,210,470,250,250,153
M04_1:cell_375,62,45,90,97,70,70,53
M04_1:cell_376,54,62,123,231,91,91,20
M04_1:cell_377,87,313,628,617,127,127,127
M04_1:cell_378,96,252,497,90,98,98,18
M04_1:cell_379,36,49,98,257,25,25,70
M04_1:cell_38,28,94,94,31,85,85,12
M04_1:cell_380,174,96,190,19,160,160,42
M04_1:cell_381,8,159,159,2,17,16,48
M04_1:cell_382,113,109,109,332,146,146,27
M04_1:cell_383,29,141,144,184,24,24,12
M04_1:cell_384,100,86,86,467,131,131,28
M04_1:cell_385,146,277,553,609,146,146,266
M04_1:cell_386,91,156,159,145,112,112,24
M04_1:cell_387,70,140,140,20,12,12,26
M04_1:cell_388,227,146,146,214,158,158,330
M04_1:cell_389,95,72,72,267,188,187,46
M04_1:cell_39,6,72,72,224,73,73,33
M04_1:cell_390,113,21,21,153,89,89,156
M04_1:cell_391,59,66,130,109,21,21,2
M04_1:cell_392,80,49,98,23,118,117,4
M04_1:cell_393,85,24,47,5,72,72,36
M04_1:cell_394,8,115,123,233,161,161,105
M04_1:cell_395,30,45,45,102,43,43,60
M04_1:cell_396,22,113,113,37,23,23,168
M04_1:cell_397,34,72,144,95,74,74,100
M04_1:cell_398,4,121,121,219,33,33,58
M04_1:cell_399,38,121,121,113,179,179,28
M04_1:cell_4,67,153,153,126,556,555,118
M04_1:cell_40,25,0,0,0,69,69,160
M04_1:cell_400,71,76,76,115,240,240,149
M04_1:cell_401,108,42,42,212,129,129,46
M04_1:cell_402,218,128,251,203,65,65,107
M04_1:cell_403,191,118,235,504,34,34,124
M04_1:cell_404,81,160,160,304,63,63,148
M04_1:cell_405,241,147,150,178,48,48,100
M04_1:cell_406,309,112,224,238,336,337,112
M04_1:cell_407,193,229,229,633,255,255,150
M04_1:cell_408,81,277,553,173,241,241,222
M04_1:cell_409,40,77,77,38,108,108,86
M04_1:cell_41,114,67,67,105,94,94,65
M04_1:cell_410,142,6,6,1,33,33,45
M04_1:cell_411,126,206,207,197,43,43,338
M04_1:cell_412,144,359,718,806,426,426,212
M04_1:cell_413,291,316,318,801,87,87,108
M04_1:cell_414,36,66,132,98,18,18,95
M04_1:cell_415,61,76,151,52,56,56,160
M04_1:cell_416,33,56,56,108,139,139,186
M04_1:cell_417,54,74,74,118,32,32,55
M04_1:cell_418,15,68,68,51,96,96,10
M04_1:cell_419,79,115,115,163,137,136,227
M04_1:cell_42,25,90,90,21,90,90,24
M04_1:cell_420,80,226,226,232,100,100,87
M04_1:cell_421,60,70,70,74,81,81,3
M04_1:cell_422,83,56,56,47,15,15,51
M04_1:cell_423,0,125,125,410,183,184,159
M04_1:cell_424,19,184,184,84,163,160,25
M04_1:cell_425,16,95,190,30,87,88,157
M04_1:cell_426,134,474,474,140,90,90,54
M04_1:cell_427,37,44,44,133,90,91,24
M04_1:cell_428,19,0,0,62,44,44,68
M04_1:cell_429,127,112,223,256,123,123,162
M04_1:cell_43,56,36,36,115,230,230,80
M04_1:cell_430,446,186,186,876,164,164,124
M04_1:cell_431,101,34,34,100,14,14,66
M04_1:cell_432,266,308,308,75,199,199,246
M04_1:cell_433,144,128,257,645,130,130,68
M04_1:cell_434,195,384,386,339,142,139,196
M04_1:cell_435,298,200,200,2,448,449,164
M04_1:cell_436,49,217,217,240,65,66,51
M04_1:cell_437,19,70,70,337,45,45,4
M04_1:cell_438,10,1,1,31,107,107,56
M04_1:cell_439,21,19,20,108,11,11,30
M04_1:cell_44,26,102,205,102,262,263,109
M04_1:cell_440,134,0,0,270,316,316,439
M04_1:cell_441,94,146,154,4,41,41,158
M04_1:cell_442,597,138,138,335,14,14,4
M04_1:cell_443,31,133,133,290,82,82,160
M04_1:cell_444,358,175,176,451,19,19,168
M04_1:cell_445,37,36,71,205,143,143,146
M04_1:cell_446,96,56,56,75,112,112,67
M04_1:cell_447,13,96,96,110,106,97,42
M04_1:cell_448,130,157,303,167,219,219,45
M04_1:cell_449,113,163,163,201,77,77,156
M04_1:cell_45,14,56,56,22,31,31,56
M04_1:cell_450,17,98,98,242,59,59,32
M04_1:cell_451,15,177,177,102,171,171,74
M04_1:cell_452,136,316,316,414,146,144,55
M04_1:cell_453,18,189,189,167,45,45,41
M04_1:cell_454,8,81,81,39,219,219,7
M04_1:cell_455,90,0,0,54,97,97,118
M04_1:cell_456,280,0,0,15,65,64,144
M04_1:cell_457,37,154,154,146,115,111,207
M04_1:cell_458,52,140,140,285,163,162,22
M04_1:cell_459,39,51,51,112,67,66,6
M04_1:cell_46,71,160,314,126,139,139,318
M04_1:cell_460,35,64,128,257,122,122,148
M04_1:cell_461,38,98,98,48,52,52,54
M04_1:cell_462,99,87,175,176,33,33,71
M04_1:cell_463,59,65,68,174,64,64,132
M04_1:cell_464,53,70,70,13,40,40,136
M04_1:cell_465,66,24,24,14,66,65,106
M04_1:cell_466,58,33,33,14,95,95,44
M04_1:cell_467,5,62,62,77,76,76,41
M04_1:cell_468,35,133,133,17,76,76,34
M04_1:cell_469,72,195,195,83,85,86,97
M04_1:cell_47,15,112,112,217,37,37,10
M04_1:cell_470,157,303,303,213,239,239,54
M04_1:cell_471,42,51,51,386,80,80,2
M04_1:cell_472,296,0,0,49,264,264,170
M04_1:cell_473,57,58,115,227,94,94,82
M04_1:cell_474,58,171,338,246,4,4,111
M04_1:cell_475,188,148,300,110,115,111,158
M04_1:cell_476,127,85,166,121,71,71,36
M04_1:cell_477,142,289,289,328,232,231,298
M04_1:cell_478,39,88,88,128,132,132,163
M04_1:cell_479,82,0,0,128,63,63,61
M04_1:cell_48,75,134,134,0,57,57,20
M04_1:cell_480,59,132,132,241,179,180,75
M04_1:cell_481,28,167,167,129,39,39,60
M04_1:cell_482,90,141,141,146,122,122,36
M04_1:cell_483,27,86,87,6,60,60,76
M04_1:cell_484,59,52,52,146,177,177,52
M04_1:cell_485,171,69,69,218,30,30,3
M04_1:cell_486,0,17,17,85,27,27,54
M04_1:cell_487,78,43,45,252,60,59,84
M04_1:cell_488,9,51,51,10,36,36,53
M04_1:cell_489,78,96,191,12,110,110,27
M04_1:cell_49,49,336,336,59,175,175,113
M04_1:cell_490,65,69,69,41,12,12,8
M04_1:cell_491,92,0,0,186,73,74,122
M04_1:cell_492,43,46,46,62,124,124,26
M04_1:cell_493,17,62,125,123,47,47,12
M04_1:cell_494,40,69,69,0,43,43,69
M04_1:cell_495,283,93,93,382,49,49,22
M04_1:cell_496,168,210,210,32,86,87,63
M04_1:cell_497,45,155,156,100,119,119,40
M04_1:cell_498,20,49,98,167,137,138,32
M04_1:cell_499,23,153,304,329,79,79,47
M04_1:cell_5,53,73,73,84,74,74,16
M04_1:cell_50,41,48,48,58,55,55,174
M04_1:cell_500,9,81,87,156,29,29,101
M04_1:cell_501,19,59,59,65,32,32,104
M04_1:cell_502,103,102,203,4,33,33,26
M04_1:cell_503,371,135,135,107,250,250,118
M04_1:cell_504,2,140,141,206,117,117,0
M04_1:cell_505,78,45,54,240,158,158,2
M04_1:cell_506,13,3,3,11,305,305,365
M04_1:cell_507,173,0,0,339,491,491,143
M04_1:cell_508,208,136,136,85,176,176,132
M04_1:cell_509,106,0,0,150,198,198,279
M04_1:cell_51,127,53,53,134,200,200,172
M04_1:cell_510,3,73,75,188,99,99,65
M04_1:cell_511,259,43,43,198,471,471,213
M04_1:cell_512,251,97,98,200,224,224,162
M04_1:cell_513,195,155,311,77,108,108,147
M04_1:cell_514,116,165,331,432,434,434,439
M04_1:cell_515,49,78,78,86,79,79,106
M04_1:cell_516,334,207,207,201,143,143,148
M04_1:cell_517,38,112,112,88,30,30,180
M04_1:cell_518,50,155,155,114,135,135,261
M04_1:cell_519,546,259,277,467,484,485,553
M04_1:cell_52,52,0,0,32,108,108,189
M04_1:cell_520,93,39,39,428,251,251,88
M04_1:cell_521,51,0,0,192,358,357,149
M04_1:cell_522,107,244,244,182,259,260,26
M04_1:cell_523,61,112,224,189,91,91,24
M04_1:cell_524,50,25,51,14,137,137,38
M04_1:cell_525,45,96,96,95,89,90,159
M04_1:cell_526,3,161,322,85,53,53,88
M04_1:cell_527,89,265,265,450,109,109,159
M04_1:cell_528,187,273,273,247,68,68,46
M04_1:cell_529,6,321,321,90,162,162,208
M04_1:cell_53,16,186,186,111,231,231,31
M04_1:cell_530,82,82,163,74,11,11,72
M04_1:cell_531,35,62,124,165,60,61,84
M04_1:cell_532,636,541,541,555,897,897,315
M04_1:cell_533,224,133,133,67,36,36,147
M04_1:cell_534,31,116,131,123,53,53,202
M04_1:cell_535,13,133,134,419,85,85,10
M04_1:cell_536,40,127,128,108,100,100,62
M04_1:cell_537,55,151,151,208,94,94,112
M04_1:cell_538,45,53,53,23,62,62,45
M04_1:cell_539,21,60,60,332,169,169,60
M04_1:cell_54,262,178,191,380,66,66,177
M04_1:cell_540,58,0,0,82,138,138,60
M04_1:cell_541,81,144,144,437,79,79,25
M04_1:cell_542,28,79,79,56,92,92,22
M04_1:cell_543,6,25,25,36,44,44,124
M04_1:cell_544,7,96,96,79,60,60,84
M04_1:cell_545,69,109,109,142,54,54,0
M04_1:cell_546,218,250,250,238,313,310,114
M04_1:cell_547,88,60,60,40,75,75,34
M04_1:cell_548,45,152,303,540,178,178,36
M04_1:cell_549,106,154,309,215,50,50,18
M04_1:cell_55,11,0,0,0,245,245,408
M04_1:cell_550,90,0,0,8,267,267,128
M04_1:cell_551,4,41,82,300,166,166,83
M04_1:cell_552,30,128,256,39,83,83,26
M04_1:cell_553,113,87,170,71,81,81,220
M04_1:cell_554,44,140,144,288,351,350,26
M04_1:cell_555,38,17,17,8,18,18,64
M04_1:cell_556,61,450,451,236,87,87,66
M04_1:cell_557,99,70,70,168,79,74,137
M04_1:cell_558,76,154,154,204,51,51,90
M04_1:cell_559,69,0,0,13,37,37,108
M04_1:cell_56,56,72,143,74,86,86,54
M04_1:cell_560,202,205,214,551,198,197,42
M04_1:cell_561,3,44,44,33,72,72,142
M04_1:cell_562,118,37,37,15,15,15,56
M04_1:cell_563,181,154,154,546,83,83,78
M04_1:cell_564,127,95,95,287,201,201,4
M04_1:cell_565,123,135,135,310,177,178,201
M04_1:cell_566,63,137,137,8,99,99,42
M04_1:cell_567,259,134,134,65,87,81,32
M04_1:cell_568,242,105,107,29,263,263,164
M04_1:cell_569,93,118,120,302,46,46,80
M04_1:cell_57,29,91,182,68,134,134,106
M04_1:cell_570,106,271,536,439,190,190,227
M04_1:cell_571,233,77,155,12,710,712,86
M04_1:cell_572,86,60,60,40,84,83,16
M04_1:cell_573,62,16,16,29,167,167,96
M04_1:cell_574,144,102,102,236,118,118,34
M04_1:cell_575,46,62,62,141,27,27,22
M04_1:cell_576,41,76,76,126,76,76,58
M04_1:cell_577,57,41,41,115,119,119,99
M04_1:cell_578,9,68,136,176,23,23,6
M04_1:cell_579,8,130,135,75,64,64,12
M04_1:cell_58,18,130,130,90,86,87,102
M04_1:cell_580,142,398,400,520,103,103,380
M04_1:cell_581,138,133,138,87,121,120,36
M04_1:cell_582,94,141,141,125,68,68,82
M04_1:cell_583,479,431,858,48,214,214,277
M04_1:cell_584,28,68,135,389,339,339,134
M04_1:cell_585,88,90,90,116,65,65,48
M04_1:cell_586,79,0,0,29,116,116,34
M04_1:cell_587,70,64,64,28,75,75,50
M04_1:cell_588,117,39,40,59,43,43,32
M04_1:cell_589,48,74,74,205,174,174,2
M04_1:cell_59,19,33,33,137,10,10,89
M04_1:cell_590,56,124,124,190,86,86,16
M04_1:cell_591,111,6,12,214,61,61,70
M04_1:cell_592,106,179,182,84,153,153,74
M04_1:cell_593,43,28,28,49,212,213,11
M04_1:cell_594,20,77,81,132,56,56,54
M04_1:cell_595,224,195,195,509,157,157,128
M04_1:cell_596,117,184,184,281,157,157,363
M04_1:cell_597,1,37,37,16,22,22,2
M04_1:cell_598,86,0,0,20,198,198,70
M04_1:cell_599,19,55,110,108,53,53,54
M04_1:cell_6,95,38,38,52,92,92,97
M04_1:cell_60,11,149,149,182,107,107,119
M04_1:cell_600,0,135,140,372,49,49,16
M04_1:cell_601,195,162,323,13,619,619,259
M04_1:cell_602,84,0,0,195,135,135,132
M04_1:cell_603,243,296,296,331,294,294,104
M04_1:cell_604,182,4,4,41,74,74,51
M04_1:cell_605,65,99,99,168,60,60,73
M04_1:cell_606,123,199,199,312,126,126,47
M04_1:cell_607,70,138,140,212,118,118,74
M04_1:cell_608,95,176,354,252,103,104,48
M04_1:cell_609,89,108,214,11,18,18,72
M04_1:cell_61,77,55,110,37,148,148,108
M04_1:cell_610,123,193,387,233,285,285,86
M04_1:cell_611,201,148,302,271,103,103,334
M04_1:cell_612,325,91,91,607,92,92,63
M04_1:cell_613,3,79,79,231,144,144,13
M04_1:cell_614,203,176,177,283,108,108,26
M04_1:cell_615,35,73,75,132,153,153,34
M04_1:cell_616,278,396,446,110,362,361,223
M04_1:cell_617,51,85,87,32,164,165,210
M04_1:cell_618,61,107,107,289,227,225,164
M04_1:cell_619,44,88,88,252,45,45,78
M04_1:cell_62,102,139,139,405,83,83,35
M04_1:cell_620,19,56,56,10,73,73,24
M04_1:cell_621,146,144,144,262,250,250,81
M04_1:cell_622,34,318,319,43,49,49,248
M04_1:cell_623,10,44,88,216,138,134,108
M04_1:cell_624,118,64,129,1,309,309,66
M04_1:cell_625,30,64,128,47,35,35,168
M04_1:cell_626,149,231,231,337,135,135,124
M04_1:cell_627,21,148,148,70,423,425,125
M04_1:cell_628,85,0,0,34,36,35,18
M04_1:cell_629,126,280,561,177,249,249,106
M04_1:cell_63,37,46,46,55,52,53,96
M04_1:cell_630,86,38,38,48,117,117,8
M04_1:cell_631,0,67,67,97,64,64,34
M04_1:cell_632,113,0,0,146,105,104,100
M04_1:cell_633,16,34,34,75,44,44,4
M04_1:cell_634,49,47,94,238,123,122,58
M04_1:cell_635,143,395,395,911,304,304,12
M04_1:cell_636,26,68,69,149,78,78,10
M04_1:cell_637,45,75,75,59,97,97,16
M04_1:cell_638,170,73,146,335,310,310,8
M04_1:cell_639,430,244,487,260,308,308,216
M04_1:cell_64,119,82,82,231,164,164,371
M04_1:cell_640,22,70,70,213,71,71,66
M04_1:cell_641,206,66,132,115,189,188,344
M04_1:cell_642,68,110,221,133,107,107,32
M04_1:cell_643,46,61,63,182,29,29,107
M04_1:cell_644,85,2,2,3,53,53,46
M04_1:cell_645,216,107,107,166,134,134,0
M04_1:cell_646,28,80,160,45,91,91,173
M04_1:cell_647,25,103,103,93,131,131,42
M04_1:cell_648,38,40,80,70,169,169,45
M04_1:cell_649,27,137,257,84,50,50,100
M04_1:cell_65,244,242,253,344,125,119,56
M04_1:cell_650,179,132,264,366,178,179,176
M04_1:cell_651,78,142,142,53,23,23,4
M04_1:cell_652,93,63,63,85,118,118,11
M04_1:cell_653,172,162,162,284,19,19,45
M04_1:cell_654,20,48,48,17,163,163,144
M04_1:cell_655,112,0,0,238,263,263,65
M04_1:cell_656,60,0,0,122,83,83,120
M04_1:cell_657,121,202,204,64,71,71,108
M04_1:cell_658,69,107,215,164,99,99,36
M04_1:cell_659,152,0,0,70,246,246,242
M04_1:cell_66,45,18,36,85,122,122,0
M04_1:cell_660,190,113,113,293,45,45,100
M04_1:cell_661,168,0,0,286,100,100,143
M04_1:cell_662,50,66,66,294,205,205,116
M04_1:cell_663,78,0,0,311,497,496,342
M04_1:cell_664,13,120,120,257,12,12,140
M04_1:cell_665,110,53,53,27,66,66,19
M04_1:cell_666,43,57,57,167,96,96,19
M04_1:cell_667,131,73,73,44,55,55,20
M04_1:cell_668,325,245,245,383,75,72,110
M04_1:cell_669,64,121,124,318,75,75,129
M04_1:cell_67,25,20,39,87,79,79,32
M04_1:cell_670,311,0,0,395,110,110,453
M04_1:cell_671,214,15,15,203,68,68,16
M04_1:cell_672,236,259,259,433,389,389,351
M04_1:cell_673,117,52,52,179,49,49,38
M04_1:cell_674,98,147,147,190,104,104,33
M04_1:cell_675,23,111,111,485,172,172,83
M04_1:cell_676,75,81,81,56,66,66,28
M04_1:cell_677,98,119,122,63,227,229,82
M04_1:cell_678,25,30,32,33,169,169,131
M04_1:cell_679,27,91,183,34,20,20,142
M04_1:cell_68,47,166,332,463,28,28,12
M04_1:cell_680,36,5,10,7,39,39,73
M04_1:cell_681,115,93,93,64,82,82,0
M04_1:cell_682,10,70,70,132,52,52,10
M04_1:cell_683,99,84,84,140,142,142,88
M04_1:cell_684,227,32,32,140,152,152,59
M04_1:cell_685,150,0,0,36,289,289,161
M04_1:cell_686,162,242,242,276,197,197,38
M04_1:cell_687,33,177,177,136,52,52,10
M04_1:cell_688,86,292,301,109,257,258,62
M04_1:cell_689,7,114,114,96,87,88,42
M04_1:cell_69,0,11,23,159,12,12,87
M04_1:cell_690,20,259,271,141,24,24,70
M04_1:cell_691,32,45,90,15,112,112,69
M04_1:cell_692,105,321,321,239,499,499,139
M04_1:cell_693,107,48,48,25,82,83,17
M04_1:cell_694,89,0,0,52,54,54,52
M04_1:cell_695,11,241,483,112,104,104,100
M04_1:cell_696,115,55,110,198,120,120,86
M04_1:cell_697,234,62,62,164,198,199,80
M04_1:cell_698,90,54,54,75,106,106,94
M04_1:cell_699,36,79,80,34,79,79,16
M04_1:cell_7,68,20,20,125,23,23,113
M04_1:cell_70,49,99,198,250,134,134,43
M04_1:cell_700,63,56,56,86,16,16,103
M04_1:cell_701,30,28,28,117,209,209,45
M04_1:cell_702,375,461,461,325,293,293,132
M04_1:cell_703,312,333,333,698,684,684,99
M04_1:cell_704,52,51,51,310,182,182,36
M04_1:cell_705,0,110,110,253,162,162,0
M04_1:cell_706,9,98,191,52,15,15,83
M04_1:cell_707,187,45,85,557,397,397,296
M04_1:cell_708,60,83,103,314,57,57,32
M04_1:cell_709,517,39,82,77,38,38,334
M04_1:cell_71,126,94,95,256,204,203,66
M04_1:cell_710,141,115,115,443,215,215,18
M04_1:cell_711,134,25,25,69,93,93,48
M04_1:cell_712,12,96,96,68,265,265,219
M04_1:cell_713,5,85,85,64,100,100,48
M04_1:cell_714,388,218,218,820,816,814,303
M04_1:cell_715,20,30,30,29,199,199,6
M04_1:cell_716,65,167,167,333,262,262,58
M04_1:cell_717,118,0,0,10,391,392,122
M04_1:cell_718,152,84,84,80,56,56,48
M04_1:cell_719,159,98,98,111,95,95,56
M04_1:cell_72,121,153,153,48,83,83,118
M04_1:cell_720,119,36,36,224,136,136,33
M04_1:cell_721,157,125,125,132,154,154,49
M04_1:cell_722,183,68,68,182,207,207,62
M04_1:cell_723,35,25,25,3,57,57,75
M04_1:cell_724,143,207,210,426,54,54,142
M04_1:cell_725,179,172,175,220,39,39,40
M04_1:cell_726,51,61,66,28,52,52,60
M04_1:cell_727,14,30,60,246,142,142,66
M04_1:cell_728,155,151,151,60,102,102,82
M04_1:cell_729,19,107,215,74,4,4,10
M04_1:cell_73,342,261,274,115,476,476,240
M04_1:cell_730,167,55,110,107,47,47,42
M04_1:cell_731,67,29,29,24,137,138,12
M04_1:cell_732,9,50,50,220,52,52,25
M04_1:cell_733,150,117,116,49,157,157,80
M04_1:cell_734,73,64,68,107,297,298,60
M04_1:cell_735,281,74,147,122,127,127,126
M04_1:cell_736,40,69,133,74,55,55,22
M04_1:cell_737,24,109,109,103,23,23,75
M04_1:cell_738,67,73,73,126,58,58,9
M04_1:cell_739,129,97,98,214,115,115,110
M04_1:cell_74,65,142,287,380,155,155,98
M04_1:cell_740,3,62,62,105,73,72,24
M04_1:cell_741,12,216,216,473,140,140,71
M04_1:cell_742,94,274,274,191,232,232,103
M04_1:cell_743,72,323,646,254,0,0,92
M04_1:cell_744,334,314,321,217,556,553,141
M04_1:cell_745,19,0,0,29,229,230,168
M04_1:cell_746,33,94,183,64,11,11,363
M04_1:cell_747,153,154,309,292,46,46,83
M04_1:cell_748,114,0,0,524,109,109,38
M04_1:cell_749,330,277,553,7,92,92,122
M04_1:cell_75,38,126,128,425,187,187,37
M04_1:cell_750,97,298,594,144,282,282,237
M04_1:cell_751,130,143,143,95,145,145,106
M04_1:cell_752,221,334,337,558,606,607,213
M04_1:cell_753,198,59,70,142,59,59,70
M04_1:cell_754,199,512,512,310,222,221,232
M04_1:cell_755,277,0,0,127,202,201,114
M04_1:cell_756,16,12,12,56,8,8,70
M04_1:cell_757,193,314,630,468,53,53,59
M04_1:cell_758,227,17,17,125,75,75,64
M04_1:cell_759,162,204,209,39,153,153,196
M04_1:cell_76,213,166,166,197,208,208,97
M04_1:cell_760,137,159,171,114,172,172,158
M04_1:cell_761,92,157,158,352,139,140,173
M04_1:cell_762,51,47,94,41,64,64,16
M04_1:cell_763,70,89,89,132,34,34,33
M04_1:cell_764,110,80,156,158,93,93,52
M04_1:cell_765,2,184,364,74,38,38,165
M04_1:cell_766,67,25,25,14,76,76,49
M04_1:cell_767,58,69,74,86,123,123,90
M04_1:cell_768,132,174,178,154,161,160,72
M04_1:cell_769,87,38,76,301,107,107,148
M04_1:cell_77,68,44,48,20,96,97,100
M04_1:cell_770,47,122,122,225,200,200,103
M04_1:cell_771,96,122,122,121,26,26,117
M04_1:cell_772,76,56,56,225,40,40,7
M04_1:cell_773,115,30,30,196,83,83,3
M04_1:cell_774,44,111,111,177,92,92,5
M04_1:cell_775,2,89,89,118,38,38,132
M04_1:cell_776,208,55,55,537,165,165,20
M04_1:cell_777,36,89,89,39,92,92,32
M04_1:cell_778,140,74,148,51,263,263,122
M04_1:cell_779,56,52,52,105,146,146,62
M04_1:cell_78,4,78,78,281,155,155,202
M04_1:cell_780,122,0,0,74,62,62,72
M04_1:cell_781,18,22,22,32,79,79,30
M04_1:cell_782,12,84,169,53,54,54,47
M04_1:cell_783,209,86,163,50,211,211,117
M04_1:cell_784,128,77,77,282,184,184,66
M04_1:cell_785,237,67,134,30,35,35,46
M04_1:cell_786,181,244,486,301,140,140,243
M04_1:cell_787,80,124,124,231,219,219,72
M04_1:cell_788,93,115,119,84,210,209,118
M04_1:cell_789,30,184,184,261,162,158,19
M04_1:cell_79,40,54,54,16,289,289,12
M04_1:cell_790,75,144,144,28,139,140,28
M04_1:cell_791,46,70,70,125,151,151,149
M04_1:cell_792,93,97,97,150,124,124,56
M04_1:cell_793,80,36,36,476,16,16,52
M04_1:cell_794,98,68,135,165,65,65,44
M04_1:cell_795,68,332,332,148,217,217,34
M04_1:cell_796,13,67,67,266,38,38,56
M04_1:cell_797,77,50,50,33,288,288,42
M04_1:cell_798,100,0,0,252,201,201,80
M04_1:cell_799,56,32,64,0,146,146,12
M04_1:cell_8,33,121,125,8,12,12,18
M04_1:cell_80,23,57,58,120,39,39,12
M04_1:cell_800,33,71,143,105,116,116,72
M04_1:cell_801,41,53,55,179,157,157,26
M04_1:cell_802,174,105,110,463,366,366,46
M04_1:cell_803,90,205,205,136,0,0,32
M04_1:cell_804,76,297,298,206,107,107,232
M04_1:cell_805,17,132,133,96,44,44,275
M04_1:cell_806,54,144,145,181,13,13,16
M04_1:cell_807,114,64,64,86,273,273,28
M04_1:cell_808,94,89,92,78,41,39,38
M04_1:cell_809,243,209,417,83,338,338,345
M04_1:cell_81,46,46,46,50,107,107,52
M04_1:cell_810,157,134,268,30,72,72,84
M04_1:cell_811,5,25,25,16,52,52,27
M04_1:cell_812,56,97,97,23,201,201,58
M04_1:cell_813,149,152,152,118,170,170,28
M04_1:cell_814,21,366,366,615,118,118,147
M04_1:cell_815,216,543,543,566,681,682,253
M04_1:cell_816,228,307,604,267,178,178,100
M04_1:cell_817,99,6,6,119,185,185,40
M04_1:cell_818,100,8,8,201,197,197,85
M04_1:cell_819,125,0,0,96,59,59,244
M04_1:cell_82,23,87,175,9,23,23,52
M04_1:cell_820,50,24,48,50,50,50,34
M04_1:cell_821,421,394,394,728,15,15,175
M04_1:cell_822,50,41,76,117,75,74,100
M04_1:cell_823,40,69,140,251,75,75,258
M04_1:cell_824,49,107,217,214,76,76,125
M04_1:cell_825,17,90,90,57,80,80,82
M04_1:cell_826,65,23,23,58,26,26,28
M04_1:cell_827,99,236,236,182,133,132,85
M04_1:cell_828,47,76,76,334,95,95,10
M04_1:cell_829,245,268,537,222,88,88,182
M04_1:cell_83,15,222,229,528,0,0,64
M04_1:cell_830,31,36,36,68,55,55,94
M04_1:cell_831,43,55,55,98,176,176,80
M04_1:cell_832,77,273,278,146,105,105,122
M04_1:cell_833,212,64,126,0,89,90,118
M04_1:cell_834,214,118,229,296,35,35,46
M04_1:cell_835,29,81,81,86,15,15,49
M04_1:cell_836,466,202,202,241,245,245,59
M04_1:cell_837,48,291,581,916,266,266,174
M04_1:cell_838,145,347,695,575,248,249,98
M04_1:cell_839,144,69,69,51,68,68,30
M04_1:cell_84,46,42,42,0,24,24,28
M04_1:cell_840,172,118,119,362,156,156,162
M04_1:cell_841,18,89,89,267,56,56,40
M04_1:cell_842,2,72,72,59,26,26,85
M04_1:cell_843,36,209,209,121,86,80,35
M04_1:cell_844,59,0,0,6,133,133,19
M04_1:cell_845,77,182,185,6,118,117,180
M04_1:cell_846,390,127,128,233,323,321,244
M04_1:cell_847,33,87,87,6,107,107,72
M04_1:cell_848,58,16,32,95,209,209,108
M04_1:cell_849,198,0,0,27,190,190,150
M04_1:cell_85,63,29,58,38,26,26,121
M04_1:cell_850,171,31,31,166,25,23,33
M04_1:cell_851,232,66,132,27,50,50,30
M04_1:cell_852,143,104,104,215,4,4,184
M04_1:cell_853,188,98,98,49,24,24,24
M04_1:cell_854,77,75,75,41,457,454,188
M04_1:cell_855,48,129,129,224,67,67,145
M04_1:cell_856,80,77,77,160,82,82,46
M04_1:cell_857,36,47,47,199,79,79,72
M04_1:cell_858,182,177,177,432,140,140,94
M04_1:cell_859,0,69,69,351,66,67,86
M04_1:cell_86,122,74,74,66,202,202,96
M04_1:cell_860,64,0,0,112,39,37,54
M04_1:cell_861,188,62,62,6,4,4,52
M04_1:cell_862,217,293,293,434,153,153,42
M04_1:cell_863,69,137,271,135,150,150,221
M04_1:cell_864,13,145,291,24,66,66,9
M04_1:cell_865,39,47,84,169,15,15,64
M04_1:cell_866,18,78,78,222,132,132,35
M04_1:cell_867,70,0,0,0,66,66,79
M04_1:cell_868,101,86,170,51,238,234,174
M04_1:cell_869,25,73,73,310,70,70,24
M04_1:cell_87,24,90,179,198,16,16,41
M04_1:cell_870,11,198,198,137,17,18,11
M04_1:cell_871,241,79,79,127,586,586,105
M04_1:cell_872,79,142,142,310,3,3,22
M04_1:cell_873,12,81,82,66,78,78,20
M04_1:cell_874,44,202,205,100,165,165,343
M04_1:cell_875,28,0,0,82,41,41,148
M04_1:cell_876,51,130,260,170,55,55,32
M04_1:cell_877,156,84,165,202,210,210,43
M04_1:cell_878,42,54,107,43,73,72,42
M04_1:cell_879,30,124,124,135,120,120,2
M04_1:cell_88,198,173,176,59,184,184,70
M04_1:cell_880,26,71,71,0,74,74,200
M04_1:cell_881,24,178,359,423,87,87,144
M04_1:cell_882,49,78,155,37,89,89,42
M04_1:cell_883,39,85,170,203,2,2,22
M04_1:cell_884,194,0,0,0,118,118,132
M04_1:cell_885,151,42,42,158,41,41,86
M04_1:cell_886,34,28,28,457,121,121,118
M04_1:cell_887,121,173,173,367,67,67,41
M04_1:cell_888,49,0,0,10,165,165,208
M04_1:cell_889,21,170,170,328,43,43,126
M04_1:cell_89,94,75,83,191,261,260,182
M04_1:cell_890,242,650,650,471,1,1,353
M04_1:cell_891,51,62,62,74,10,10,86
M04_1:cell_892,136,0,0,94,157,157,46
M04_1:cell_893,237,41,42,14,14,14,55
M04_1:cell_894,227,192,192,190,355,355,162
M04_1:cell_895,44,37,37,232,4,4,2
M04_1:cell_896,64,0,0,25,92,92,10
M04_1:cell_897,65,94,94,52,69,69,100
M04_1:cell_898,7,82,165,221,118,118,40
M04_1:cell_899,30,60,61,234,94,94,90
M04_1:cell_9,175,136,136,591,398,400,324
M04_1:cell_90,69,246,246,183,180,175,33
M04_1:cell_900,55,159,159,117,41,41,76
M04_1:cell_901,12,40,40,156,123,123,40
M04_1:cell_902,1,0,0,90,103,103,42
M04_1:cell_903,17,88,88,413,115,115,57
M04_1:cell_904,67,86,86,113,31,31,46
M04_1:cell_905,20,116,116,205,55,55,36
M04_1:cell_906,40,53,53,104,263,263,52
M04_1:cell_907,99,59,59,92,111,111,16
M04_1:cell_908,334,339,339,0,157,157,646
M04_1:cell_909,22,122,120,110,90,91,288
M04_1:cell_91,134,57,57,9,2,2,20
M04_1:cell_910,30,69,69,267,30,30,436
M04_1:cell_911,49,76,76,65,19,19,8
M04_1:cell_912,171,18,18,6,26,26,51
M04_1:cell_913,39,146,152,42,150,150,20
M04_1:cell_914,176,174,177,66,138,138,14
M04_1:cell_915,23,220,220,275,196,197,9
M04_1:cell_916,25,135,139,231,72,72,90
M04_1:cell_917,57,23,46,106,82,82,107
M04_1:cell_918,54,133,270,510,21,21,90
M04_1:cell_919,30,76,76,195,94,94,154
M04_1:cell_92,120,42,42,24,9,9,12
M04_1:cell_920,172,199,199,232,49,49,10
M04_1:cell_921,163,44,91,17,71,69,74
M04_1:cell_922,48,99,198,65,0,0,181
M04_1:cell_923,142,108,108,94,23,23,82
M04_1:cell_924,64,249,249,458,171,171,262
M04_1:cell_925,117,130,130,351,33,33,86
M04_1:cell_926,22,53,53,191,56,56,20
M04_1:cell_927,55,135,270,56,22,22,83
M04_1:cell_928,49,83,83,57,196,196,42
M04_1:cell_929,49,72,72,22,33,33,16
M04_1:cell_93,71,57,57,100,83,83,20
M04_1:cell_930,30,35,34,31,99,99,101
M04_1:cell_931,155,137,137,119,355,355,77
M04_1:cell_932,51,182,181,124,102,102,215
M04_1:cell_933,23,92,92,198,46,46,25
M04_1:cell_934,42,118,118,115,137,137,500
M04_1:cell_935,159,218,218,359,136,136,99
M04_1:cell_936,57,111,111,39,192,192,98
M04_1:cell_937,48,66,67,166,34,34,94
M04_1:cell_938,193,70,70,169,170,170,102
M04_1:cell_939,38,92,184,282,85,85,40
M04_1:cell_94,21,88,88,211,184,180,9
M04_1:cell_940,55,25,25,31,91,92,22
M04_1:cell_941,94,102,103,204,123,123,144
M04_1:cell_942,58,84,84,115,22,22,92
M04_1:cell_943,53,112,112,201,122,122,115
M04_1:cell_944,44,69,69,313,66,66,10
M04_1:cell_945,164,88,88,4,357,357,41
M04_1:cell_946,22,56,56,167,68,68,172
M04_1:cell_947,75,72,78,178,166,165,188
M04_1:cell_948,26,83,84,143,33,33,217
M04_1:cell_949,129,54,102,125,20,20,34
M04_1:cell_95,220,100,200,217,42,42,174
M04_1:cell_950,38,58,58,29,33,33,8
M04_1:cell_951,52,112,114,9,36,36,14
M04_1:cell_952,79,231,458,574,88,88,405
M04_1:cell_953,430,103,103,22,378,378,123
M04_1:cell_954,29,65,65,94,71,71,68
M04_1:cell_955,465,88,176,657,75,75,82
M04_1:cell_956,102,38,76,19,90,90,64
M04_1:cell_957,71,54,54,109,106,106,13
M04_1:cell_958,140,253,253,99,68,68,166
M04_1:cell_959,127,329,329,321,334,334,67
M04_1:cell_96,46,44,44,149,101,102,181
M04_1:cell_960,8,116,116,13,27,27,88
M04_1:cell_961,115,74,74,179,175,171,39
M04_1:cell_962,110,485,485,209,141,141,422
M04_1:cell_963,246,188,188,182,96,96,15
M04_1:cell_964,20,0,0,192,97,97,248
M04_1:cell_965,80,136,136,203,89,89,78
M04_1:cell_966,256,51,51,269,1,1,23
M04_1:cell_967,16,27,27,144,3,3,78
M04_1:cell_968,38,86,86,207,104,104,19
M04_1:cell_969,206,388,388,647,472,472,57
M04_1:cell_97,67,67,67,358,71,71,102
M04_1:cell_970,85,0,0,22,27,27,44
M04_1:cell_971,160,92,183,130,73,73,80
M04_1:cell_972,17,74,74,179,75,75,48
M04_1:cell_973,325,486,487,815,380,379,322
M04_1:cell_974,74,252,255,216,207,207,90
M04_1:cell_975,50,237,237,492,191,190,190
M04_1:cell_976,44,131,134,497,172,172,210
M04_1:cell_977,138,73,73,249,33,33,20
M04_1:cell_978,90,100,100,208,140,140,72
M04_1:cell_979,198,119,119,398,52,52,40
M04_1:cell_98,17,206,206,414,11,11,72
M04_1:cell_980,94,144,144,28,244,245,101
M04_1:cell_981,97,105,108,538,54,54,157
M04_1:cell_982,0,5,5,100,65,65,0
M04_1:cell_983,39,74,74,203,154,154,199
M04_1:cell_984,91,0,0,166,67,67,157
M04_1:cell_985,58,60,62,73,79,79,131
M04_1:cell_986,35,46,46,249,130,130,96
M04_1:cell_987,95,139,139,47,101,102,128
M04_1:cell_99,91,146,146,354,50,50,87
M04_3:cell_1,526,244,244,86,184,184,90
M04_3:cell_10,80,247,247,132,173,173,229
M04_3:cell_100,159,389,776,610,21,21,84
M04_3:cell_1000,157,125,126,287,29,29,10
M04_3:cell_1001,1339,589,1177,1494,0,0,365
M04_3:cell_1002,666,271,273,156,192,192,363
M04_3:cell_1003,81,100,202,283,301,297,30
M04_3:cell_1004,400,201,404,15,27,27,69
M04_3:cell_1005,179,181,361,174,85,85,158
M04_3:cell_1006,210,446,446,21,97,96,402
M04_3:cell_1007,334,857,857,1164,313,313,14
M04_3:cell_1008,240,46,92,2,99,99,154
M04_3:cell_1009,283,193,382,448,187,187,384
M04_3:cell_101,2137,613,1224,1625,1055,1054,923
M04_3:cell_1010,151,568,568,898,641,640,72
M04_3:cell_1011,842,538,551,741,743,738,58
M04_3:cell_1012,488,240,241,165,7,7,355
M04_3:cell_1013,215,416,423,535,247,247,298
M04_3:cell_1014,862,866,1704,2351,1597,1597,1074
M04_3:cell_1015,820,255,255,577,219,218,134
M04_3:cell_1016,501,496,496,194,623,620,56
M04_3:cell_1017,679,647,653,480,907,907,370
M04_3:cell_1018,303,355,366,311,167,167,146
M04_3:cell_1019,710,422,438,149,173,160,272
M04_3:cell_102,85,211,423,491,143,143,8
M04_3:cell_1020,483,236,237,533,270,270,172
M04_3:cell_1021,396,96,192,113,100,100,346
M04_3:cell_1022,215,47,94,327,2,2,32
M04_3:cell_1023,58,81,161,36,50,50,259
M04_3:cell_1024,425,663,664,640,358,359,964
M04_3:cell_1025,902,115,120,125,637,637,311
M04_3:cell_1026,211,286,572,222,87,87,181
M04_3:cell_1027,237,616,637,135,537,581,112
M04_3:cell_1028,287,148,149,18,129,129,64
M04_3:cell_1029,443,357,357,362,323,333,266
M04_3:cell_103,275,139,139,228,46,46,70
M04_3:cell_1030,488,429,430,77,37,37,547
M04_3:cell_1031,69,0,0,635,9,9,30
M04_3:cell_1032,181,447,447,625,239,239,78
M04_3:cell_1033,49,265,267,411,214,214,464
M04_3:cell_1034,408,551,551,1585,251,250,136
M04_3:cell_1035,157,192,195,531,40,40,184
M04_3:cell_1036,86,184,184,129,227,226,34
M04_3:cell_1037,169,104,104,343,15,15,10
M04_3:cell_1038,1592,3141,3143,906,1795,1797,1722
M04_3:cell_1039,240,108,108,500,144,144,309
M04_3:cell_104,333,148,148,86,270,270,66
M04_3:cell_1040,1123,1088,2169,1208,1675,1674,86
M04_3:cell_1041,728,168,337,4,121,121,447
M04_3:cell_1042,182,456,913,53,13,13,320
M04_3:cell_1043,522,425,851,198,234,233,356
M04_3:cell_1044,35,124,253,62,176,176,190
M04_3:cell_1045,1343,476,953,293,9,9,158
M04_3:cell_1046,156,415,820,15,42,42,96
M04_3:cell_1047,210,565,570,273,697,698,317
M04_3:cell_1048,42,11,11,8,48,48,234
M04_3:cell_1049,110,212,212,716,142,138,83
M04_3:cell_105,401,395,395,1711,461,462,467
M04_3:cell_1050,281,239,239,881,64,64,348
M04_3:cell_1051,195,355,355,193,32,32,112
M04_3:cell_1052,562,773,773,0,56,56,192
M04_3:cell_1053,77,109,109,36,700,700,18
M04_3:cell_1054,255,219,228,203,141,141,351
M04_3:cell_1055,239,192,198,50,12,12,242
M04_3:cell_1056,438,152,152,200,48,48,186
M04_3:cell_1057,825,246,258,136,94,94,567
M04_3:cell_1058,806,338,343,648,45,45,186
M04_3:cell_1059,89,119,119,125,204,204,179
M04_3:cell_106,263,11,11,71,77,77,126
M04_3:cell_1060,397,19,19,57,467,468,261
M04_3:cell_1061,231,352,352,420,259,259,86
M04_3:cell_1062,293,49,49,134,93,91,210
M04_3:cell_1063,892,82,82,166,100,100,431
M04_3:cell_1064,441,146,147,349,39,39,54
M04_3:cell_1065,542,0,0,390,108,108,100
M04_3:cell_1066,1068,1311,1311,2862,481,483,465
M04_3:cell_1067,94,193,193,80,422,422,326
M04_3:cell_1068,460,207,415,1611,349,349,732
M04_3:cell_1069,191,207,207,286,147,148,81
M04_3:cell_107,495,396,396,2142,40,40,36
M04_3:cell_1070,988,144,289,0,0,0,140
M04_3:cell_1071,203,36,72,247,192,192,309
M04_3:cell_1072,165,277,281,250,67,67,44
M04_3:cell_1073,541,481,481,229,333,333,67
M04_3:cell_1074,624,179,179,917,328,328,311
M04_3:cell_1075,122,236,245,271,106,106,258
M04_3:cell_1076,158,50,100,41,32,32,218
M04_3:cell_1077,43,37,37,10,22,22,128
M04_3:cell_1078,419,149,149,78,186,186,42
M04_3:cell_1079,750,198,198,186,32,33,110
M04_3:cell_108,309,793,805,475,495,495,729
M04_3:cell_1080,25,180,182,121,53,53,38
M04_3:cell_1081,154,829,1650,1121,321,322,387
M04_3:cell_1082,134,574,1142,1,0,0,254
M04_3:cell_1083,156,272,272,304,201,201,139
M04_3:cell_1084,248,199,199,24,68,68,122
M04_3:cell_1085,284,349,357,288,34,34,265
M04_3:cell_1086,167,232,232,1294,92,92,143
M04_3:cell_1087,229,114,114,369,281,281,176
M04_3:cell_1088,102,80,80,434,50,50,416
M04_3:cell_1089,871,338,342,384,25,25,395
M04_3:cell_109,106,186,186,16,56,56,267
M04_3:cell_1090,1120,135,135,548,63,63,167
M04_3:cell_1091,525,377,377,40,1880,1878,4
M04_3:cell_1092,289,78,78,126,0,0,170
M04_3:cell_1093,101,125,250,135,92,92,889
M04_3:cell_1094,78,171,342,122,2,2,14
M04_3:cell_1095,61,176,176,65,40,40,149
M04_3:cell_1096,521,703,722,674,268,268,503
M04_3:cell_1097,2129,1103,1104,956,594,593,851
M04_3:cell_1098,90,81,162,28,126,126,354
M04_3:cell_1099,255,193,386,320,231,229,76
M04_3:cell_11,299,590,590,555,182,182,270
M04_3:cell_110,641,760,760,677,168,168,292
M04_3:cell_1100,34,281,556,476,590,589,688
M04_3:cell_1101,544,22,22,191,205,205,96
M04_3:cell_1102,73,98,99,132,90,90,20
M04_3:cell_1103,105,111,111,1194,271,271,324
M04_3:cell_1104,479,339,353,490,41,41,60
M04_3:cell_1105,190,202,204,67,327,327,544
M04_3:cell_1106,25,414,425,1012,78,78,540
M04_3:cell_1107,772,933,946,23,158,158,359
M04_3:cell_1108,248,46,46,304,124,124,160
M04_3:cell_1109,1383,176,357,247,3,3,78
M04_3:cell_111,109,234,234,368,101,101,24
M04_3:cell_1110,260,18,36,11,168,168,6
M04_3:cell_1111,111,88,88,235,173,173,284
M04_3:cell_1112,50,210,210,200,14,14,216
M04_3:cell_1113,2014,582,582,50,1552,1546,1593
M04_3:cell_1114,1201,889,888,338,652,649,377
M04_3:cell_1115,392,194,194,254,529,529,480
M04_3:cell_1116,280,218,218,49,42,42,373
M04_3:cell_1117,1766,398,796,132,520,521,84
M04_3:cell_1118,282,1458,1458,1791,1349,1350,282
M04_3:cell_1119,71,278,556,732,297,297,74
M04_3:cell_112,295,256,512,663,182,182,165
M04_3:cell_1120,232,66,129,0,177,177,278
M04_3:cell_1121,1606,237,471,746,890,886,273
M04_3:cell_1122,151,92,92,25,317,315,40
M04_3:cell_1123,240,192,192,106,14,14,74
M04_3:cell_1124,21,214,214,762,137,136,80
M04_3:cell_1125,207,306,369,223,209,209,377
M04_3:cell_1126,153,511,511,867,217,217,84
M04_3:cell_1127,272,274,550,1592,1069,1079,363
M04_3:cell_1128,40,137,273,665,25,25,154
M04_3:cell_1129,158,661,661,99,556,555,174
M04_3:cell_113,219,145,150,29,182,181,56
M04_3:cell_1130,628,586,586,235,176,176,160
M04_3:cell_1131,613,867,922,978,137,137,390
M04_3:cell_1132,620,2093,2093,1915,1589,1589,416
M04_3:cell_1133,224,94,94,0,68,68,272
M04_3:cell_1134,572,285,285,544,216,216,309
M04_3:cell_1135,83,76,76,200,0,0,37
M04_3:cell_1136,368,112,112,146,122,122,109
M04_3:cell_1137,782,50,50,139,195,195,592
M04_3:cell_1138,61,101,101,11,189,189,22
M04_3:cell_1139,59,106,212,319,349,349,66
M04_3:cell_114,231,118,121,343,247,247,234
M04_3:cell_1140,252,686,693,507,211,211,492
M04_3:cell_1141,289,93,93,320,42,42,128
M04_3:cell_1142,502,176,180,4,1101,1098,225
M04_3:cell_1143,395,191,191,378,207,213,368
M04_3:cell_1144,379,134,134,61,205,205,173
M04_3:cell_1145,213,51,51,32,24,24,208
M04_3:cell_1146,70,47,47,141,95,95,208
M04_3:cell_1147,197,56,112,168,341,341,81
M04_3:cell_1148,75,454,460,893,7,7,516
M04_3:cell_1149,220,338,346,227,166,166,52
M04_3:cell_115,266,118,118,241,230,230,86
M04_3:cell_1150,88,191,191,423,702,702,126
M04_3:cell_1151,577,1827,1852,735,1260,1260,757
M04_3:cell_1152,388,308,308,1851,216,214,470
M04_3:cell_1153,368,200,200,88,205,201,157
M04_3:cell_1154,680,65,65,188,62,62,103
M04_3:cell_1155,231,100,100,436,61,61,390
M04_3:cell_1156,377,415,415,356,0,0,77
M04_3:cell_1157,10,100,100,462,221,222,138
M04_3:cell_1158,0,884,923,1331,420,420,734
M04_3:cell_1159,183,269,271,679,442,442,24
M04_3:cell_116,123,104,104,133,457,455,10
M04_3:cell_1160,354,140,139,114,85,85,338
M04_3:cell_1161,507,300,300,241,883,884,166
M04_3:cell_1162,524,30,60,23,136,136,1106
M04_3:cell_1163,60,171,345,44,27,27,154
M04_3:cell_1164,1310,683,683,391,256,256,574
M04_3:cell_1165,1848,1228,1228,137,617,615,1019
M04_3:cell_1166,2359,3060,3059,2415,2178,2181,1903
M04_3:cell_117,270,102,102,230,3,3,16
M04_3:cell_118,596,434,434,121,211,211,227
M04_3:cell_119,161,253,253,69,162,162,44
M04_3:cell_12,164,5,5,1208,224,224,1297
M04_3:cell_120,139,1359,1373,135,623,623,178
M04_3:cell_121,361,53,53,79,303,303,75
M04_3:cell_122,737,410,471,781,388,388,426
M04_3:cell_123,410,19,38,50,110,110,126
M04_3:cell_124,270,347,347,783,170,169,17
M04_3:cell_125,179,252,275,267,17,17,931
M04_3:cell_126,1367,1471,1471,165,486,486,672
M04_3:cell_127,131,191,382,294,17,17,63
M04_3:cell_128,170,123,123,75,139,139,176
M04_3:cell_129,55,103,205,160,102,102,289
M04_3:cell_13,848,273,277,155,445,444,322
M04_3:cell_130,1443,262,520,367,37,37,1499
M04_3:cell_131,422,127,252,66,105,106,20
M04_3:cell_132,499,213,422,697,1110,1112,490
M04_3:cell_133,196,83,83,86,150,151,226
M04_3:cell_134,146,309,318,89,34,34,172
M04_3:cell_135,112,93,93,66,35,35,389
M04_3:cell_136,750,533,533,329,1276,1274,485
M04_3:cell_137,620,318,318,433,198,198,215
M04_3:cell_138,3,347,347,195,230,229,344
M04_3:cell_139,41,185,185,590,48,48,154
M04_3:cell_14,261,153,154,752,171,169,194
M04_3:cell_140,1107,1485,1485,1235,828,826,165
M04_3:cell_141,1288,566,566,370,1007,1007,94
M04_3:cell_142,764,536,541,114,201,201,230
M04_3:cell_143,119,413,417,821,55,55,144
M04_3:cell_144,38,417,418,857,158,158,168
M04_3:cell_145,425,335,340,108,599,601,436
M04_3:cell_146,543,597,596,695,360,360,25
M04_3:cell_147,513,240,242,434,252,252,1018
M04_3:cell_148,38,244,489,0,129,129,272
M04_3:cell_149,215,367,367,67,478,478,194
M04_3:cell_15,1286,1301,2599,2880,1025,1026,1013
M04_3:cell_150,331,524,524,741,231,228,55
M04_3:cell_151,108,237,472,82,5,5,250
M04_3:cell_152,230,18,36,532,306,307,400
M04_3:cell_153,55,275,275,206,39,39,83
M04_3:cell_154,230,326,325,170,966,966,676
M04_3:cell_155,1736,623,623,758,370,370,215
M04_3:cell_156,109,88,88,32,77,77,636
M04_3:cell_157,330,505,1006,566,144,145,124
M04_3:cell_158,482,357,358,820,140,140,181
M04_3:cell_159,125,0,0,279,0,0,481
M04_3:cell_16,115,150,301,500,184,184,154
M04_3:cell_160,381,85,89,424,235,234,244
M04_3:cell_161,377,394,779,217,174,174,158
M04_3:cell_162,365,82,82,60,32,32,98
M04_3:cell_163,307,588,588,505,134,134,275
M04_3:cell_164,97,72,72,0,6,6,637
M04_3:cell_165,217,388,772,367,264,263,80
M04_3:cell_166,283,208,415,196,3,3,152
M04_3:cell_167,224,274,273,152,29,29,97
M04_3:cell_168,234,317,625,367,170,170,264
M04_3:cell_169,197,4,9,205,123,123,158
M04_3:cell_17,45,82,163,32,1,1,70
M04_3:cell_170,853,251,251,903,323,324,312
M04_3:cell_171,625,168,168,147,254,253,1146
M04_3:cell_172,91,252,252,1368,643,637,232
M04_3:cell_173,158,703,703,790,75,75,362
M04_3:cell_174,69,14,14,295,32,32,41
M04_3:cell_175,118,68,136,155,48,48,206
M04_3:cell_176,286,779,815,1125,382,383,136
M04_3:cell_177,12,84,85,465,0,0,288
M04_3:cell_178,330,1209,1237,272,181,181,838
M04_3:cell_179,412,180,180,114,205,202,166
M04_3:cell_18,164,302,604,1016,32,32,424
M04_3:cell_180,299,177,178,132,725,726,789
M04_3:cell_181,51,99,99,0,324,325,118
M04_3:cell_182,198,385,771,420,5,5,272
M04_3:cell_183,137,370,370,1596,402,403,261
M04_3:cell_184,540,153,306,136,145,145,52
M04_3:cell_185,140,217,433,238,279,279,553
M04_3:cell_186,486,162,322,82,63,63,216
M04_3:cell_187,1164,1573,3132,1652,1054,1048,863
M04_3:cell_188,68,161,322,290,10,10,739
M04_3:cell_189,169,245,255,428,204,203,21
M04_3:cell_19,355,111,219,176,247,247,485
M04_3:cell_190,532,251,251,327,163,161,46
M04_3:cell_191,708,179,179,132,271,271,76
M04_3:cell_192,124,61,61,27,99,98,38
M04_3:cell_193,273,294,588,280,679,680,413
M04_3:cell_194,227,208,416,981,127,127,339
M04_3:cell_195,1631,966,1936,2917,492,492,376
M04_3:cell_196,416,169,173,280,186,185,254
M04_3:cell_197,197,189,189,221,291,288,27
M04_3:cell_198,883,496,496,567,203,203,168
M04_3:cell_199,197,162,162,247,86,86,233
M04_3:cell_2,458,108,216,206,113,114,26
M04_3:cell_20,38,87,87,54,28,28,172
M04_3:cell_200,694,223,223,494,241,241,2033
M04_3:cell_201,1340,315,629,1033,372,372,368
M04_3:cell_202,672,177,177,76,527,527,290
M04_3:cell_203,48,59,118,41,72,72,307
M04_3:cell_204,278,348,348,94,253,253,30
M04_3:cell_205,157,186,186,46,123,123,15
M04_3:cell_206,1456,407,408,994,126,126,665
M04_3:cell_207,266,228,234,17,312,312,554
M04_3:cell_208,1861,1196,1196,2767,808,804,525
M04_3:cell_209,26,543,548,32,82,82,236
M04_3:cell_21,484,198,198,144,9,9,156
M04_3:cell_210,168,267,267,451,46,46,12
M04_3:cell_211,203,179,179,242,69,69,628
M04_3:cell_212,131,856,856,168,221,221,41
M04_3:cell_213,216,290,290,597,297,297,16
M04_3:cell_214,62,81,81,80,13,13,62
M04_3:cell_215,609,263,526,82,387,385,391
M04_3:cell_216,151,196,200,261,40,40,277
M04_3:cell_217,95,181,185,477,349,349,230
M04_3:cell_218,207,95,95,30,80,80,36
M04_3:cell_219,208,136,271,139,258,258,403
M04_3:cell_22,734,78,156,23,88,89,446
M04_3:cell_220,194,150,150,112,240,241,218
M04_3:cell_221,67,109,109,24,75,75,173
M04_3:cell_222,111,170,170,143,49,49,557
M04_3:cell_223,136,102,104,40,288,288,438
M04_3:cell_224,239,263,263,113,52,54,78
M04_3:cell_225,269,63,63,171,0,0,7
M04_3:cell_226,103,6,6,244,279,280,98
M04_3:cell_227,431,129,131,58,237,237,314
M04_3:cell_228,792,195,195,418,279,279,296
M04_3:cell_229,316,301,301,1194,346,346,33
M04_3:cell_23,82,665,1311,310,50,50,79
M04_3:cell_230,214,30,60,6,312,306,144
M04_3:cell_231,834,72,72,0,104,104,717
M04_3:cell_232,116,664,666,823,1117,1118,418
M04_3:cell_233,118,13,13,165,147,148,212
M04_3:cell_234,170,326,326,1735,98,98,290
M04_3:cell_235,82,180,180,135,229,227,3
M04_3:cell_236,530,173,346,501,142,143,294
M04_3:cell_237,72,24,24,21,610,611,542
M04_3:cell_238,191,116,117,9,53,53,196
M04_3:cell_239,2462,1425,1457,2010,1211,1213,1129
M04_3:cell_24,35,148,296,52,30,30,254
M04_3:cell_240,221,305,305,132,106,105,446
M04_3:cell_241,348,166,166,570,187,188,24
M04_3:cell_242,288,199,398,360,64,64,114
M04_3:cell_243,141,207,207,362,97,97,135
M04_3:cell_244,73,1161,1164,261,253,253,20
M04_3:cell_245,1136,471,481,361,778,780,259
M04_3:cell_246,87,136,272,65,23,23,196
M04_3:cell_247,172,205,411,0,13,13,534
M04_3:cell_248,196,485,966,1655,311,311,165
M04_3:cell_249,46,381,383,590,35,35,589
M04_3:cell_25,106,1,1,47,5,5,198
M04_3:cell_250,135,196,391,85,11,11,378
M04_3:cell_251,582,861,861,444,165,165,94
M04_3:cell_252,436,15,15,803,410,411,250
M04_3:cell_253,210,76,153,70,106,106,137
M04_3:cell_254,157,228,228,72,371,368,47
M04_3:cell_255,3297,2212,2215,1227,3055,3055,1402
M04_3:cell_256,845,304,306,153,9,9,198
M04_3:cell_257,65,18,18,157,18,18,22
M04_3:cell_258,367,88,170,20,326,326,797
M04_3:cell_259,125,156,312,16,128,128,291
M04_3:cell_26,1341,356,356,486,222,222,312
M04_3:cell_260,106,580,1163,193,300,301,275
M04_3:cell_261,150,163,163,288,108,108,209
M04_3:cell_262,66,375,375,836,61,61,38
M04_3:cell_263,196,101,200,226,123,123,307
M04_3:cell_264,0,201,403,89,175,175,68
M04_3:cell_265,346,79,159,68,29,29,298
M04_3:cell_266,124,46,46,825,271,271,58
M04_3:cell_267,423,202,202,306,162,162,31
M04_3:cell_268,926,534,534,656,524,524,192
M04_3:cell_269,684,483,483,1616,929,928,248
M04_3:cell_27,920,766,766,1223,974,974,926
M04_3:cell_270,224,114,114,162,92,92,149
M04_3:cell_271,629,253,253,358,328,328,203
M04_3:cell_272,499,150,159,189,52,52,508
M04_3:cell_273,158,271,536,167,155,155,164
M04_3:cell_274,94,50,100,189,15,15,342
M04_3:cell_275,220,984,1964,333,823,820,6
M04_3:cell_276,858,255,510,10,71,71,166
M04_3:cell_277,708,325,325,514,343,343,19
M04_3:cell_278,371,466,927,630,245,245,70
M04_3:cell_279,636,280,555,76,108,108,909
M04_3:cell_28,167,60,60,3,51,51,313
M04_3:cell_280,196,63,124,2,97,97,108
M04_3:cell_281,242,128,128,396,88,88,58
M04_3:cell_282,88,122,122,127,44,44,164
M04_3:cell_283,110,149,298,25,214,214,102
M04_3:cell_284,685,172,172,12,158,158,1297
M04_3:cell_285,181,353,353,398,56,56,46
M04_3:cell_286,85,246,246,1341,136,136,224
M04_3:cell_287,356,185,186,1040,588,589,208
M04_3:cell_288,38,395,395,0,34,34,132
M04_3:cell_289,215,156,156,380,95,95,122
M04_3:cell_29,316,44,88,340,314,314,330
M04_3:cell_290,20,411,411,8,189,189,138
M04_3:cell_291,321,116,116,191,71,71,27
M04_3:cell_292,157,488,488,237,31,31,102
M04_3:cell_293,478,412,416,180,470,470,106
M04_3:cell_294,434,337,337,34,245,245,86
M04_3:cell_295,461,207,207,466,17,17,316
M04_3:cell_296,95,195,195,422,198,198,298
M04_3:cell_297,135,72,76,69,0,0,166
M04_3:cell_298,106,99,198,239,215,215,321
M04_3:cell_299,325,389,777,488,192,192,90
M04_3:cell_3,268,145,146,142,70,71,78
M04_3:cell_30,637,906,1814,849,114,114,263
M04_3:cell_300,133,218,428,0,12,12,144
M04_3:cell_301,801,548,1092,759,396,396,427
M04_3:cell_302,120,213,426,620,270,273,295
M04_3:cell_303,1264,1812,1812,1769,634,635,461
M04_3:cell_304,2079,745,745,1081,854,854,179
M04_3:cell_305,277,72,72,41,20,20,201
M04_3:cell_306,12,215,217,312,228,228,54
M04_3:cell_307,251,418,433,626,45,45,34
M04_3:cell_308,35,6,6,104,199,198,464
M04_3:cell_309,392,184,368,478,136,136,262
M04_3:cell_31,151,147,294,28,265,265,269
M04_3:cell_310,294,54,54,109,150,150,207
M04_3:cell_311,170,206,208,132,168,168,478
M04_3:cell_312,288,301,301,7,80,80,142
M04_3:cell_313,316,123,246,716,27,27,289
M04_3:cell_314,304,361,361,436,209,205,283
M04_3:cell_315,136,207,414,840,112,112,215
M04_3:cell_316,274,397,397,26,97,97,117
M04_3:cell_317,68,81,81,52,45,45,100
M04_3:cell_318,174,59,118,25,6,6,140
M04_3:cell_319,146,408,816,130,116,116,78
M04_3:cell_32,150,1020,1052,437,103,103,256
M04_3:cell_320,1012,229,435,68,178,177,342
M04_3:cell_321,981,758,759,153,671,673,298
M04_3:cell_322,808,568,568,344,37,37,207
M04_3:cell_323,289,209,210,647,36,36,307
M04_3:cell_324,452,443,900,786,665,661,362
M04_3:cell_325,232,115,230,387,59,59,119
M04_3:cell_326,22,42,84,943,376,376,0
M04_3:cell_327,230,104,208,0,54,54,177
M04_3:cell_328,79,82,164,420,40,40,58
M04_3:cell_329,464,401,401,838,368,366,225
M04_3:cell_33,460,474,481,203,313,313,8
M04_3:cell_330,151,31,31,125,68,68,16
M04_3:cell_331,434,272,271,48,64,64,182
M04_3:cell_332,598,617,617,556,174,171,653
M04_3:cell_333,33,156,310,307,53,53,157
M04_3:cell_334,118,237,237,79,118,118,111
M04_3:cell_335,122,42,42,689,133,129,318
M04_3:cell_336,1282,878,878,1330,1241,1239,277
M04_3:cell_337,653,256,256,1235,395,395,578
M04_3:cell_338,201,171,171,241,79,79,20
M04_3:cell_339,639,392,785,719,434,434,82
M04_3:cell_34,543,362,368,116,119,119,495
M04_3:cell_340,553,190,199,231,133,133,588
M04_3:cell_341,43,127,127,340,130,130,192
M04_3:cell_342,1547,237,237,507,435,435,273
M04_3:cell_343,778,35,68,187,8,8,262
M04_3:cell_344,1355,1485,2973,134,1019,1026,191
M04_3:cell_345,634,208,409,75,260,260,140
M04_3:cell_346,312,260,260,253,29,29,48
M04_3:cell_347,8,46,46,11,43,43,210
M04_3:cell_348,147,255,257,508,109,110,28
M04_3:cell_349,212,127,127,136,141,141,233
M04_3:cell_35,853,338,338,859,838,838,1287
M04_3:cell_350,146,78,78,389,253,253,152
M04_3:cell_351,347,50,50,215,0,0,56
M04_3:cell_352,54,320,328,53,415,412,260
M04_3:cell_353,407,303,303,36,128,128,44
M04_3:cell_354,542,238,476,706,250,250,343
M04_3:cell_355,38,173,342,6,272,272,145
M04_3:cell_356,442,56,56,204,168,168,354
M04_3:cell_357,638,228,456,1042,352,352,182
M04_3:cell_358,580,583,590,185,470,471,72
M04_3:cell_359,95,132,132,0,178,178,154
M04_3:cell_36,1210,133,270,613,140,140,477
M04_3:cell_360,276,725,735,1140,426,426,498
M04_3:cell_361,2580,486,965,108,1099,1098,452
M04_3:cell_362,106,245,490,124,65,65,16
M04_3:cell_363,164,8,16,13,226,227,300
M04_3:cell_364,509,61,61,479,85,85,116
M04_3:cell_365,107,47,47,212,179,180,170
M04_3:cell_366,2581,1387,1387,1874,1356,1356,768
M04_3:cell_367,593,240,240,1706,164,163,406
M04_3:cell_368,102,620,620,38,497,497,568
M04_3:cell_369,242,276,552,57,193,193,354
M04_3:cell_37,590,461,469,341,629,629,106
M04_3:cell_370,281,115,115,400,232,230,261
M04_3:cell_371,204,103,103,13,116,116,336
M04_3:cell_372,177,129,129,99,271,271,68
M04_3:cell_373,442,133,137,266,45,45,84
M04_3:cell_374,206,174,178,63,58,58,146
M04_3:cell_375,52,347,359,366,239,239,164
M04_3:cell_376,318,314,317,1339,127,127,681
M04_3:cell_377,233,286,287,282,27,27,46
M04_3:cell_378,417,384,388,419,10,10,379
M04_3:cell_379,229,65,65,379,62,62,330
M04_3:cell_38,200,187,187,106,43,43,38
M04_3:cell_380,337,263,263,14,241,241,218
M04_3:cell_381,110,628,628,583,463,464,48
M04_3:cell_382,206,534,534,46,239,239,507
M04_3:cell_383,131,211,211,32,207,200,255
M04_3:cell_384,287,62,123,53,32,32,34
M04_3:cell_385,387,475,950,73,52,52,218
M04_3:cell_386,294,84,84,86,562,561,142
M04_3:cell_387,609,234,234,74,34,34,123
M04_3:cell_388,62,533,1066,544,388,388,196
M04_3:cell_389,224,1405,1421,2252,598,596,481
M04_3:cell_39,429,338,344,113,161,161,422
M04_3:cell_390,1142,154,154,593,16,16,376
M04_3:cell_391,1322,489,489,622,40,40,649
M04_3:cell_392,1447,786,792,314,584,584,696
M04_3:cell_393,348,83,83,147,448,446,758
M04_3:cell_394,50,273,546,450,0,0,475
M04_3:cell_395,1112,167,167,139,30,30,213
M04_3:cell_396,161,64,126,313,442,441,643
M04_3:cell_397,165,97,192,63,52,52,40
M04_3:cell_398,189,474,480,56,180,180,210
M04_3:cell_399,231,553,564,1430,256,256,122
M04_3:cell_4,320,476,476,389,441,441,135
M04_3:cell_40,134,292,292,4,10,10,58
M04_3:cell_400,136,254,508,524,48,48,274
M04_3:cell_401,403,81,162,87,68,68,90
M04_3:cell_402,117,89,176,77,68,68,136
M04_3:cell_403,574,155,155,324,93,93,201
M04_3:cell_404,314,227,227,872,0,0,75
M04_3:cell_405,337,544,544,855,75,75,43
M04_3:cell_406,454,231,234,255,852,852,474
M04_3:cell_407,439,91,91,325,29,29,261
M04_3:cell_408,339,44,44,366,53,53,90
M04_3:cell_409,233,70,70,226,126,124,79
M04_3:cell_41,1452,433,433,726,323,323,239
M04_3:cell_410,542,494,494,167,234,234,466
M04_3:cell_411,538,388,774,595,160,160,539
M04_3:cell_412,334,455,911,23,166,166,206
M04_3:cell_413,102,166,332,77,295,292,112
M04_3:cell_414,381,479,488,113,33,33,334
M04_3:cell_415,180,897,897,98,341,342,414
M04_3:cell_416,39,466,472,188,254,250,10
M04_3:cell_417,127,31,31,657,240,240,570
M04_3:cell_418,487,142,142,166,369,369,104
M04_3:cell_419,1014,543,545,157,121,121,640
M04_3:cell_42,1040,2653,2653,389,1734,1730,590
M04_3:cell_420,195,183,183,369,113,113,32
M04_3:cell_421,810,152,152,950,246,246,385
M04_3:cell_422,43,804,804,463,38,38,222
M04_3:cell_423,138,240,480,30,209,209,72
M04_3:cell_424,2015,1149,2296,2305,268,268,447
M04_3:cell_425,532,325,651,183,218,218,182
M04_3:cell_426,182,24,48,229,228,229,102
M04_3:cell_427,100,155,311,343,116,114,112
M04_3:cell_428,61,229,229,712,484,482,78
M04_3:cell_429,587,130,130,526,69,69,80
M04_3:cell_43,96,203,206,120,120,120,844
M04_3:cell_430,446,123,126,55,38,38,168
M04_3:cell_431,256,236,236,50,131,131,453
M04_3:cell_432,404,36,36,423,21,21,148
M04_3:cell_433,139,288,573,600,351,352,303
M04_3:cell_434,518,452,453,586,66,66,946
M04_3:cell_435,847,718,1438,933,363,358,141
M04_3:cell_436,255,458,911,200,371,371,796
M04_3:cell_437,29,866,1730,219,509,510,1061
M04_3:cell_438,253,232,454,70,250,250,832
M04_3:cell_439,296,790,790,1778,364,364,1395
M04_3:cell_44,135,138,277,243,50,50,144
M04_3:cell_440,208,221,221,0,45,45,651
M04_3:cell_441,283,270,271,375,220,220,118
M04_3:cell_442,339,434,867,171,351,351,157
M04_3:cell_443,65,204,405,143,38,38,213
M04_3:cell_444,330,406,408,392,363,363,244
M04_3:cell_445,292,758,768,695,248,248,530
M04_3:cell_446,329,18,18,435,505,505,139
M04_3:cell_447,51,6,6,70,74,74,192
M04_3:cell_448,654,383,768,526,220,220,54
M04_3:cell_449,309,9,18,263,17,17,124
M04_3:cell_45,712,49,98,219,128,128,556
M04_3:cell_450,695,287,574,200,343,342,378
M04_3:cell_451,1568,919,1833,880,491,492,2198
M04_3:cell_452,354,36,36,159,0,0,45
M04_3:cell_453,760,307,619,339,120,120,28
M04_3:cell_454,83,53,105,265,199,199,60
M04_3:cell_455,356,224,445,494,12,12,546
M04_3:cell_456,206,535,1070,213,68,68,48
M04_3:cell_457,113,170,174,486,25,25,20
M04_3:cell_458,503,17,34,10,599,599,530
M04_3:cell_459,28,111,223,5,5,5,118
M04_3:cell_46,232,63,124,205,230,230,74
M04_3:cell_460,52,42,42,619,10,10,257
M04_3:cell_461,179,134,138,576,19,19,58
M04_3:cell_462,245,338,346,514,271,271,214
M04_3:cell_463,524,326,338,215,202,202,490
M04_3:cell_464,300,475,942,194,766,764,360
M04_3:cell_465,1193,211,211,608,373,373,208
M04_3:cell_466,79,64,64,175,29,29,97
M04_3:cell_467,313,20,20,236,49,49,193
M04_3:cell_468,138,329,329,12,242,242,314
M04_3:cell_469,1151,798,1604,1637,675,675,372
M04_3:cell_47,148,238,478,72,852,853,209
M04_3:cell_470,240,95,95,761,5,5,41
M04_3:cell_471,100,168,168,110,51,51,124
M04_3:cell_472,65,333,667,90,427,427,196
M04_3:cell_473,472,193,386,73,137,137,46
M04_3:cell_474,258,323,323,178,140,142,284
M04_3:cell_475,429,349,349,395,189,189,79
M04_3:cell_476,485,178,184,22,53,53,424
M04_3:cell_477,173,207,414,96,166,166,416
M04_3:cell_478,153,259,259,8,33,33,86
M04_3:cell_479,166,28,28,48,85,85,124
M04_3:cell_48,653,1467,1466,434,443,442,106
M04_3:cell_480,240,707,707,1008,433,433,407
M04_3:cell_481,466,159,160,543,154,154,599
M04_3:cell_482,307,411,411,182,293,293,255
M04_3:cell_483,108,43,43,7,285,285,99
M04_3:cell_484,323,99,99,49,128,129,73
M04_3:cell_485,2680,920,920,569,538,533,614
M04_3:cell_486,40,217,217,145,340,337,67
M04_3:cell_487,369,53,53,146,46,47,226
M04_3:cell_488,187,208,213,19,40,40,192
M04_3:cell_489,57,304,306,789,285,283,323
M04_3:cell_49,388,65,65,96,37,37,36
M04_3:cell_490,1536,394,787,302,348,348,381
M04_3:cell_491,821,315,629,41,13,13,68
M04_3:cell_492,446,0,0,274,0,0,106
M04_3:cell_493,617,869,869,1334,540,538,311
M04_3:cell_494,98,16,16,33,28,28,164
M04_3:cell_495,404,282,564,731,30,30,164
M04_3:cell_496,215,238,476,112,37,37,167
M04_3:cell_497,1154,263,264,30,549,549,728
M04_3:cell_498,289,188,188,498,89,89,231
M04_3:cell_499,242,403,403,315,274,274,162
M04_3:cell_5,196,42,42,115,328,328,574
M04_3:cell_50,704,410,410,286,103,103,252
M04_3:cell_500,551,189,189,36,3,3,359
M04_3:cell_501,230,455,455,14,147,147,183
M04_3:cell_502,280,98,98,622,214,214,213
M04_3:cell_503,305,189,196,364,226,223,232
M04_3:cell_504,346,75,75,431,19,19,220
M04_3:cell_505,90,139,139,164,297,297,91
M04_3:cell_506,643,483,967,37,200,200,305
M04_3:cell_507,700,573,573,1009,197,197,1041
M04_3:cell_508,1118,1444,1443,767,488,489,833
M04_3:cell_509,1309,311,311,4,100,100,176
M04_3:cell_51,364,386,386,1245,733,734,1089
M04_3:cell_510,59,68,68,537,34,34,110
M04_3:cell_511,144,124,124,2,392,392,408
M04_3:cell_512,585,120,119,907,12,12,207
M04_3:cell_513,321,374,374,414,82,82,200
M04_3:cell_514,12,221,442,139,313,313,589
M04_3:cell_515,1646,235,468,1223,1092,1093,190
M04_3:cell_516,251,238,363,378,562,562,734
M04_3:cell_517,436,760,1522,1451,198,198,228
M04_3:cell_518,62,265,529,110,22,22,88
M04_3:cell_519,724,96,190,230,61,61,399
M04_3:cell_52,100,150,151,48,101,102,176
M04_3:cell_520,375,2,2,76,72,72,197
M04_3:cell_521,359,288,577,184,342,342,426
M04_3:cell_522,274,214,430,158,208,208,239
M04_3:cell_523,366,504,504,871,258,256,317
M04_3:cell_524,36,292,292,2176,395,396,31
M04_3:cell_525,462,192,192,555,740,740,507
M04_3:cell_526,66,13,13,43,12,12,57
M04_3:cell_527,377,162,162,621,107,107,30
M04_3:cell_528,79,294,294,318,113,113,83
M04_3:cell_529,299,75,76,242,80,73,112
M04_3:cell_53,303,33,33,97,244,244,1305
M04_3:cell_530,474,1562,1575,598,401,401,568
M04_3:cell_531,170,544,544,127,104,104,184
M04_3:cell_532,64,163,158,40,145,145,0
M04_3:cell_533,144,391,782,29,50,50,88
M04_3:cell_534,118,216,432,21,168,168,230
M04_3:cell_535,457,420,420,220,481,481,659
M04_3:cell_536,261,88,176,27,251,250,278
M04_3:cell_537,193,329,642,340,9,9,78
M04_3:cell_538,393,426,853,1229,196,196,737
M04_3:cell_539,293,67,135,136,72,72,106
M04_3:cell_54,686,175,175,400,179,179,104
M04_3:cell_540,94,179,179,619,384,377,268
M04_3:cell_541,154,46,46,240,104,104,38
M04_3:cell_542,517,117,122,112,63,63,586
M04_3:cell_543,168,357,357,449,196,197,127
M04_3:cell_544,1036,429,855,680,301,301,328
M04_3:cell_545,817,295,297,533,333,333,1277
M04_3:cell_546,332,270,270,567,218,218,224
M04_3:cell_547,149,420,838,489,333,332,48
M04_3:cell_548,202,84,169,323,131,131,106
M04_3:cell_549,353,310,619,304,70,70,360
M04_3:cell_55,205,300,309,1118,208,206,558
M04_3:cell_550,667,733,740,1685,1634,1635,494
M04_3:cell_551,246,396,794,707,155,156,82
M04_3:cell_552,225,156,156,1312,239,238,435
M04_3:cell_553,496,23,23,38,0,0,139
M04_3:cell_554,665,362,362,148,153,153,259
M04_3:cell_555,130,260,520,140,537,537,136
M04_3:cell_556,625,145,289,382,73,73,633
M04_3:cell_557,67,828,827,73,250,248,26
M04_3:cell_558,396,49,49,18,100,100,171
M04_3:cell_559,94,27,27,66,265,265,24
M04_3:cell_56,1330,859,1036,512,32,32,868
M04_3:cell_560,335,141,141,285,137,137,112
M04_3:cell_561,159,30,31,312,149,149,357
M04_3:cell_562,385,81,81,388,595,593,138
M04_3:cell_563,47,31,31,227,201,201,61
M04_3:cell_564,140,17,17,87,97,148,455
M04_3:cell_565,44,467,467,259,133,133,772
M04_3:cell_566,110,169,183,6,436,435,36
M04_3:cell_567,446,131,131,68,165,165,52
M04_3:cell_568,204,193,193,867,78,76,51
M04_3:cell_569,111,244,479,421,108,107,80
M04_3:cell_57,297,571,582,47,219,219,252
M04_3:cell_570,84,28,56,699,15,15,413
M04_3:cell_571,626,1867,1867,701,888,888,103
M04_3:cell_572,320,311,321,48,25,25,220
M04_3:cell_573,372,276,276,22,117,117,588
M04_3:cell_574,185,133,136,159,796,796,234
M04_3:cell_575,548,538,1074,417,82,81,268
M04_3:cell_576,361,161,162,0,29,29,192
M04_3:cell_577,167,156,156,505,90,90,88
M04_3:cell_578,207,192,386,560,322,324,202
M04_3:cell_579,671,1455,1485,1266,866,867,986
M04_3:cell_58,327,387,388,927,185,185,121
M04_3:cell_580,1475,705,1412,525,616,618,591
M04_3:cell_581,742,186,186,213,52,52,100
M04_3:cell_582,353,50,50,41,68,68,62
M04_3:cell_583,1728,1006,1005,132,1364,1369,581
M04_3:cell_584,607,516,515,494,207,207,25
M04_3:cell_585,474,329,658,97,11,11,346
M04_3:cell_586,30,159,309,184,32,32,52
M04_3:cell_587,108,181,181,0,20,20,205
M04_3:cell_588,747,852,867,879,266,266,1225
M04_3:cell_589,130,183,183,523,182,182,26
M04_3:cell_59,346,450,897,501,291,292,345
M04_3:cell_590,132,175,175,378,132,132,246
M04_3:cell_591,31,320,320,106,79,79,247
M04_3:cell_592,580,242,242,20,230,230,75
M04_3:cell_593,197,83,83,110,119,117,152
M04_3:cell_594,38,76,76,81,62,62,99
M04_3:cell_595,1388,1625,3240,3772,2201,2201,331
M04_3:cell_596,395,484,954,156,587,586,299
M04_3:cell_597,199,163,327,262,40,40,407
M04_3:cell_598,469,453,453,325,184,183,52
M04_3:cell_599,183,150,150,34,29,29,234
M04_3:cell_6,559,17,17,610,0,0,273
M04_3:cell_60,24,122,122,1292,403,403,211
M04_3:cell_600,51,106,106,95,24,24,111
M04_3:cell_601,108,69,69,141,186,186,13
M04_3:cell_602,350,393,398,569,79,79,110
M04_3:cell_603,484,387,388,668,645,646,124
M04_3:cell_604,53,125,125,226,243,243,185
M04_3:cell_605,949,127,127,469,306,306,80
M04_3:cell_606,199,91,91,89,339,338,33
M04_3:cell_607,476,713,713,1287,722,722,336
M04_3:cell_608,157,322,322,74,27,27,184
M04_3:cell_609,114,113,113,40,100,100,50
M04_3:cell_61,363,223,223,153,206,206,37
M04_3:cell_610,1360,600,612,15,347,348,624
M04_3:cell_611,309,543,567,568,96,96,651
M04_3:cell_612,228,87,89,427,184,184,102
M04_3:cell_613,241,128,128,251,373,374,98
M04_3:cell_614,986,1189,2373,690,278,287,705
M04_3:cell_615,306,293,586,472,130,130,247
M04_3:cell_616,607,67,134,354,66,66,70
M04_3:cell_617,449,158,158,78,450,450,190
M04_3:cell_618,44,131,131,56,174,174,186
M04_3:cell_619,65,100,100,113,279,279,126
M04_3:cell_62,111,165,165,6,45,45,135
M04_3:cell_620,350,341,345,480,88,88,327
M04_3:cell_621,101,556,556,862,169,169,234
M04_3:cell_622,170,69,69,10,207,207,148
M04_3:cell_623,284,121,123,31,206,206,228
M04_3:cell_624,970,1311,1386,364,1442,1445,532
M04_3:cell_625,627,735,739,587,796,794,667
M04_3:cell_626,308,64,66,510,88,88,167
M04_3:cell_627,208,551,1097,584,562,554,244
M04_3:cell_628,404,29,29,172,90,90,99
M04_3:cell_629,480,597,597,352,126,126,67
M04_3:cell_63,138,555,555,335,83,83,39
M04_3:cell_630,544,236,236,335,588,586,504
M04_3:cell_631,749,926,926,701,189,189,350
M04_3:cell_632,2084,209,209,493,30,30,582
M04_3:cell_633,225,831,832,707,2094,2095,126
M04_3:cell_634,519,160,168,980,426,426,479
M04_3:cell_635,244,82,163,468,177,177,88
M04_3:cell_636,100,142,142,173,122,122,132
M04_3:cell_637,153,231,231,1171,0,0,169
M04_3:cell_638,168,18,34,100,140,139,74
M04_3:cell_639,238,153,153,666,148,148,40
M04_3:cell_64,288,244,244,42,41,41,267
M04_3:cell_640,288,230,232,220,25,25,142
M04_3:cell_641,397,120,242,666,131,131,122
M04_3:cell_642,268,9,9,52,45,45,788
M04_3:cell_643,297,332,666,366,542,541,510
M04_3:cell_644,117,95,95,292,1021,1021,201
M04_3:cell_645,291,209,212,90,274,274,494
M04_3:cell_646,436,537,537,581,880,879,346
M04_3:cell_647,106,344,363,336,405,404,753
M04_3:cell_648,558,635,663,73,362,362,276
M04_3:cell_649,325,312,312,779,51,51,1241
M04_3:cell_65,1832,1495,1511,2272,628,626,1144
M04_3:cell_650,828,896,914,1286,949,943,240
M04_3:cell_651,244,235,469,664,67,67,120
M04_3:cell_652,230,145,290,533,869,867,138
M04_3:cell_653,807,325,651,309,6,6,504
M04_3:cell_654,559,248,248,70,710,711,140
M04_3:cell_655,463,815,815,1409,906,905,750
M04_3:cell_656,279,153,153,111,24,24,70
M04_3:cell_657,88,440,440,223,464,462,311
M04_3:cell_658,843,490,982,148,217,218,291
M04_3:cell_659,1503,1066,2146,363,170,170,957
M04_3:cell_66,24,133,133,135,551,551,314
M04_3:cell_660,51,106,106,14,56,56,109
M04_3:cell_661,185,57,116,606,70,70,170
M04_3:cell_662,503,190,192,2,46,46,267
M04_3:cell_663,29,627,648,421,562,563,222
M04_3:cell_664,126,226,452,62,324,324,306
M04_3:cell_665,1013,147,147,708,170,170,568
M04_3:cell_666,458,1035,2064,526,1224,1221,227
M04_3:cell_667,178,364,720,287,112,112,42
M04_3:cell_668,33,110,117,41,204,204,290
M04_3:cell_669,75,252,260,13,30,31,154
M04_3:cell_67,135,180,180,125,15,15,225
M04_3:cell_670,357,94,94,76,30,30,328
M04_3:cell_671,957,1687,1687,1266,1547,1548,1109
M04_3:cell_672,382,740,740,342,543,543,194
M04_3:cell_673,550,525,525,394,125,125,49
M04_3:cell_674,225,179,351,15,690,690,391
M04_3:cell_675,827,244,244,28,12,12,25
M04_3:cell_676,98,249,249,40,565,565,5
M04_3:cell_677,170,163,168,252,43,43,274
M04_3:cell_678,30,444,446,582,36,36,821
M04_3:cell_679,146,49,49,147,59,59,376
M04_3:cell_68,17,370,370,102,507,507,473
M04_3:cell_680,152,89,91,530,407,407,62
M04_3:cell_681,625,189,372,450,4,4,546
M04_3:cell_682,326,173,338,217,76,76,52
M04_3:cell_683,121,69,72,301,133,133,50
M04_3:cell_684,174,592,602,1154,3,3,598
M04_3:cell_685,414,188,190,505,51,51,106
M04_3:cell_686,45,266,537,102,23,23,154
M04_3:cell_687,562,52,52,521,89,89,248
M04_3:cell_688,34,339,632,57,98,98,40
M04_3:cell_689,679,508,1004,376,574,574,274
M04_3:cell_69,23,217,430,572,230,231,114
M04_3:cell_690,147,121,241,44,44,44,153
M04_3:cell_691,1773,392,397,14,0,0,853
M04_3:cell_692,233,45,45,180,64,64,67
M04_3:cell_693,200,142,284,2,19,19,83
M04_3:cell_694,70,58,113,130,162,162,150
M04_3:cell_695,473,245,490,421,119,119,672
M04_3:cell_696,118,159,315,153,324,325,182
M04_3:cell_697,262,249,498,377,45,45,28
M04_3:cell_698,238,210,210,305,221,221,73
M04_3:cell_699,71,265,281,319,358,360,362
M04_3:cell_7,33,176,177,22,26,26,292
M04_3:cell_70,853,1246,1246,1035,1220,1216,643
M04_3:cell_700,513,413,413,1045,504,501,146
M04_3:cell_701,87,108,126,358,14,14,162
M04_3:cell_702,84,239,262,193,674,675,420
M04_3:cell_703,136,733,738,979,540,541,235
M04_3:cell_704,46,203,212,551,265,265,147
M04_3:cell_705,228,125,125,89,129,129,258
M04_3:cell_706,107,94,180,472,80,80,24
M04_3:cell_707,176,9,9,162,113,113,126
M04_3:cell_708,160,92,92,0,40,40,85
M04_3:cell_709,171,591,1185,143,1077,1075,151
M04_3:cell_71,49,153,153,39,45,45,156
M04_3:cell_710,328,44,88,385,243,236,230
M04_3:cell_711,193,232,462,51,14,14,613
M04_3:cell_712,159,96,191,55,18,18,119
M04_3:cell_713,454,240,240,455,164,164,145
M04_3:cell_714,168,289,576,55,77,77,167
M04_3:cell_715,151,78,78,136,135,136,37
M04_3:cell_716,96,1,1,140,0,0,94
M04_3:cell_717,146,41,41,160,173,174,100
M04_3:cell_718,92,156,312,675,71,71,2
M04_3:cell_719,400,155,309,158,167,167,92
M04_3:cell_72,184,48,48,446,413,409,280
M04_3:cell_720,89,267,535,140,254,254,578
M04_3:cell_721,200,39,39,87,42,42,339
M04_3:cell_722,518,308,308,179,13,13,36
M04_3:cell_723,2142,518,518,172,60,61,1387
M04_3:cell_724,99,228,228,88,122,122,86
M04_3:cell_725,3555,1263,1273,2450,320,320,1763
M04_3:cell_726,413,991,998,676,287,287,236
M04_3:cell_727,1431,164,169,586,16,16,1007
M04_3:cell_728,95,634,647,1200,363,363,120
M04_3:cell_729,476,216,222,1080,463,463,481
M04_3:cell_73,276,39,39,221,12,12,56
M04_3:cell_730,111,75,75,46,9,9,124
M04_3:cell_731,506,59,59,85,90,91,66
M04_3:cell_732,142,514,515,92,264,264,1188
M04_3:cell_733,99,236,240,75,169,169,36
M04_3:cell_734,397,212,426,390,587,587,124
M04_3:cell_735,42,28,28,42,7,7,81
M04_3:cell_736,549,430,430,1232,69,69,505
M04_3:cell_737,1725,45,45,1853,424,425,214
M04_3:cell_738,414,610,618,51,227,227,954
M04_3:cell_739,1262,521,529,299,363,363,842
M04_3:cell_74,271,253,503,0,48,48,355
M04_3:cell_740,144,410,820,140,21,21,85
M04_3:cell_741,151,342,342,598,622,622,388
M04_3:cell_742,164,208,411,58,165,165,108
M04_3:cell_743,276,273,547,425,186,186,144
M04_3:cell_744,1657,9,9,154,278,278,276
M04_3:cell_745,1750,933,939,598,543,543,482
M04_3:cell_746,96,243,243,358,226,227,396
M04_3:cell_747,328,109,109,825,221,221,90
M04_3:cell_748,139,183,366,341,154,153,126
M04_3:cell_749,157,695,1354,109,72,73,69
M04_3:cell_75,624,373,392,106,208,204,110
M04_3:cell_750,109,156,312,372,76,76,237
M04_3:cell_751,87,440,440,326,411,411,191
M04_3:cell_752,436,182,364,533,517,517,287
M04_3:cell_753,12,466,932,1014,248,248,328
M04_3:cell_754,63,15,30,133,196,196,511
M04_3:cell_755,121,254,254,554,169,169,122
M04_3:cell_756,371,471,471,103,590,589,235
M04_3:cell_757,680,195,195,1503,304,304,503
M04_3:cell_758,130,338,338,408,161,161,289
M04_3:cell_759,373,156,312,40,190,190,588
M04_3:cell_76,265,614,628,1028,40,40,284
M04_3:cell_760,580,243,484,281,119,119,121
M04_3:cell_761,587,155,310,513,406,406,458
M04_3:cell_762,82,1141,2249,1462,672,671,63
M04_3:cell_763,43,160,160,165,383,381,22
M04_3:cell_764,397,283,283,384,103,94,80
M04_3:cell_765,2381,2251,2254,1527,47,47,796
M04_3:cell_766,16,402,801,276,258,255,18
M04_3:cell_767,410,139,139,699,173,173,247
M04_3:cell_768,77,50,100,309,188,188,74
M04_3:cell_769,219,405,802,1124,87,86,114
M04_3:cell_77,720,657,1315,770,163,163,515
M04_3:cell_770,342,351,700,62,279,279,579
M04_3:cell_771,112,44,104,850,12,12,320
M04_3:cell_772,223,104,104,229,10,10,140
M04_3:cell_773,469,376,376,71,269,269,536
M04_3:cell_774,58,100,100,290,237,237,50
M04_3:cell_775,105,212,212,3,25,25,169
M04_3:cell_776,642,32,32,291,36,36,402
M04_3:cell_777,83,65,65,762,21,21,70
M04_3:cell_778,267,246,489,95,272,272,98
M04_3:cell_779,348,687,690,860,9,9,556
M04_3:cell_78,314,75,76,11,154,154,210
M04_3:cell_780,321,148,148,422,110,110,266
M04_3:cell_781,263,186,186,295,174,174,72
M04_3:cell_782,132,544,544,645,435,435,174
M04_3:cell_783,1848,989,989,1155,531,531,107
M04_3:cell_784,98,105,209,72,202,202,170
M04_3:cell_785,207,146,290,40,70,70,166
M04_3:cell_786,80,176,176,160,67,64,169
M04_3:cell_787,223,269,269,105,557,557,110
M04_3:cell_788,154,608,1234,2065,102,102,590
M04_3:cell_789,461,155,165,24,601,602,600
M04_3:cell_79,588,289,299,168,531,531,387
M04_3:cell_790,125,1204,1204,43,162,162,115
M04_3:cell_791,218,89,89,0,41,41,1105
M04_3:cell_792,69,84,84,109,125,125,233
M04_3:cell_793,963,157,167,104,24,24,878
M04_3:cell_794,50,81,81,211,9,9,69
M04_3:cell_795,787,397,405,776,596,597,866
M04_3:cell_796,119,107,210,69,47,47,52
M04_3:cell_797,221,115,230,58,25,25,78
M04_3:cell_798,97,176,350,375,89,89,82
M04_3:cell_799,385,285,570,903,468,466,90
M04_3:cell_8,244,599,1197,772,242,243,407
M04_3:cell_80,193,108,108,168,84,84,367
M04_3:cell_800,285,693,704,376,191,191,566
M04_3:cell_801,316,126,126,163,539,541,566
M04_3:cell_802,480,237,242,1118,589,589,262
M04_3:cell_803,30,147,152,82,27,27,8
M04_3:cell_804,76,69,69,83,211,211,418
M04_3:cell_805,346,145,145,379,643,644,126
M04_3:cell_806,281,177,178,433,0,0,44
M04_3:cell_807,253,204,407,789,320,320,217
M04_3:cell_808,80,130,259,401,73,73,241
M04_3:cell_809,390,213,424,395,560,560,82
M04_3:cell_81,631,799,803,333,807,805,309
M04_3:cell_810,359,97,97,0,40,40,338
M04_3:cell_811,373,208,208,287,821,821,317
M04_3:cell_812,184,70,70,221,300,301,19
M04_3:cell_813,214,296,591,693,39,39,50
M04_3:cell_814,246,565,1119,26,57,57,186
M04_3:cell_815,0,324,324,341,183,183,160
M04_3:cell_816,215,347,347,1038,1032,1031,158
M04_3:cell_817,20,243,243,314,89,89,118
M04_3:cell_818,301,370,370,88,29,29,410
M04_3:cell_819,107,74,147,219,286,286,52
M04_3:cell_82,116,165,165,89,140,140,216
M04_3:cell_820,212,43,86,66,27,27,96
M04_3:cell_821,465,369,369,709,318,315,163
M04_3:cell_822,148,480,480,534,157,157,159
M04_3:cell_823,40,238,238,46,608,608,444
M04_3:cell_824,202,222,444,142,140,140,175
M04_3:cell_825,110,153,304,410,91,91,287
M04_3:cell_826,477,105,105,781,52,52,221
M04_3:cell_827,117,331,331,310,637,637,321
M04_3:cell_828,29,132,264,469,3,3,178
M04_3:cell_829,46,548,1097,242,301,301,202
M04_3:cell_83,112,62,62,461,457,457,150
M04_3:cell_830,199,265,265,1493,1106,1104,693
M04_3:cell_831,283,447,447,445,208,208,229
M04_3:cell_832,570,439,439,152,50,49,205
M04_3:cell_833,743,559,571,994,309,310,408
M04_3:cell_834,112,468,473,284,61,61,431
M04_3:cell_835,915,241,243,52,160,160,626
M04_3:cell_836,445,453,461,422,379,381,66
M04_3:cell_837,135,158,158,149,486,486,361
M04_3:cell_838,401,208,208,531,131,131,441
M04_3:cell_839,1180,223,447,206,39,39,1126
M04_3:cell_84,207,511,511,1806,132,132,510
M04_3:cell_840,170,264,270,118,423,424,174
M04_3:cell_841,104,74,148,191,69,69,40
M04_3:cell_842,185,100,102,321,3,3,39
M04_3:cell_843,517,287,297,995,119,119,294
M04_3:cell_844,396,512,555,249,234,235,180
M04_3:cell_845,242,318,633,618,421,421,439
M04_3:cell_846,40,95,95,0,40,40,45
M04_3:cell_847,673,196,198,734,20,20,531
M04_3:cell_848,680,327,331,807,162,162,194
M04_3:cell_849,311,214,218,0,8,8,186
M04_3:cell_85,278,1083,1083,1000,466,468,463
M04_3:cell_850,305,192,192,298,375,375,18
M04_3:cell_851,54,117,117,1,61,61,108
M04_3:cell_852,100,147,148,532,36,36,232
M04_3:cell_853,14,105,105,41,28,28,55
M04_3:cell_854,87,384,768,64,211,211,151
M04_3:cell_855,172,106,110,115,523,523,361
M04_3:cell_856,83,127,130,98,66,66,98
M04_3:cell_857,1218,654,1303,1,1041,1040,539
M04_3:cell_858,637,649,1301,628,1012,1014,822
M04_3:cell_859,202,511,1024,39,231,231,664
M04_3:cell_86,44,117,123,439,135,134,64
M04_3:cell_860,63,82,164,365,167,167,140
M04_3:cell_861,58,345,690,34,120,120,385
M04_3:cell_862,306,370,738,523,192,185,55
M04_3:cell_863,100,101,101,735,427,427,230
M04_3:cell_864,125,148,149,38,567,567,212
M04_3:cell_865,338,7,3,267,71,71,70
M04_3:cell_866,46,195,195,661,37,37,508
M04_3:cell_867,557,574,574,91,76,76,349
M04_3:cell_868,49,314,325,300,403,404,18
M04_3:cell_869,434,83,86,784,289,289,202
M04_3:cell_87,312,175,348,560,441,441,395
M04_3:cell_870,11,134,268,954,0,0,92
M04_3:cell_871,140,169,339,51,389,389,30
M04_3:cell_872,830,526,534,662,352,354,108
M04_3:cell_873,229,589,1178,108,797,797,609
M04_3:cell_874,223,319,329,176,94,94,484
M04_3:cell_875,91,197,198,368,54,54,241
M04_3:cell_876,207,85,170,545,159,159,432
M04_3:cell_877,51,48,96,151,52,52,80
M04_3:cell_878,252,235,470,97,309,310,177
M04_3:cell_879,147,237,480,529,170,165,124
M04_3:cell_88,913,217,432,577,49,49,232
M04_3:cell_880,3251,913,1822,640,935,935,3558
M04_3:cell_881,167,1202,1202,921,156,156,883
M04_3:cell_882,164,199,398,54,258,258,22
M04_3:cell_883,688,1079,2159,296,558,560,2959
M04_3:cell_884,62,55,110,339,34,34,301
M04_3:cell_885,400,120,239,621,104,104,475
M04_3:cell_886,165,241,471,767,572,570,668
M04_3:cell_887,167,356,712,111,364,364,198
M04_3:cell_888,715,126,252,361,359,359,444
M04_3:cell_889,165,67,134,203,232,231,144
M04_3:cell_89,472,360,722,771,648,648,380
M04_3:cell_890,229,423,443,531,160,159,22
M04_3:cell_891,198,144,144,433,89,89,0
M04_3:cell_892,146,371,371,420,105,105,20
M04_3:cell_893,221,333,333,253,337,335,63
M04_3:cell_894,152,179,179,337,150,150,18
M04_3:cell_895,380,1064,1072,2022,773,773,112
M04_3:cell_896,108,144,144,417,176,176,146
M04_3:cell_897,803,567,1118,391,372,374,237
M04_3:cell_898,402,122,244,306,105,105,377
M04_3:cell_899,462,79,79,101,130,130,22
M04_3:cell_9,402,646,646,926,143,143,299
M04_3:cell_90,6,205,205,81,0,0,11
M04_3:cell_900,432,538,541,331,353,353,674
M04_3:cell_901,561,184,190,763,206,206,363
M04_3:cell_902,379,408,408,389,99,99,407
M04_3:cell_903,250,16,16,133,213,214,29
M04_3:cell_904,172,322,645,433,249,249,158
M04_3:cell_905,795,662,666,84,730,730,717
M04_3:cell_906,66,189,189,557,411,410,267
M04_3:cell_907,170,67,67,233,252,252,94
M04_3:cell_908,103,127,130,125,38,38,74
M04_3:cell_909,310,221,221,66,123,123,198
M04_3:cell_91,186,323,329,33,234,234,306
M04_3:cell_910,91,143,287,1125,10,10,122
M04_3:cell_911,832,166,334,106,141,141,227
M04_3:cell_912,48,275,278,594,133,133,511
M04_3:cell_913,1035,291,581,382,233,233,587
M04_3:cell_914,177,134,134,376,348,357,135
M04_3:cell_915,388,566,566,371,1120,1118,218
M04_3:cell_916,152,57,58,57,76,76,268
M04_3:cell_917,413,568,573,417,54,54,286
M04_3:cell_918,76,164,167,103,104,104,188
M04_3:cell_919,144,68,68,187,867,867,271
M04_3:cell_92,724,102,102,321,110,110,82
M04_3:cell_920,108,166,166,221,331,331,209
M04_3:cell_921,6,209,209,169,0,0,104
M04_3:cell_922,479,383,383,262,62,62,153
M04_3:cell_923,138,230,461,54,128,128,520
M04_3:cell_924,710,428,856,124,414,414,286
M04_3:cell_925,34,72,76,924,66,66,406
M04_3:cell_926,978,4333,4333,2024,1454,1456,268
M04_3:cell_927,457,400,400,59,1224,1225,545
M04_3:cell_928,584,89,89,762,282,281,906
M04_3:cell_929,386,22,44,15,384,380,278
M04_3:cell_93,133,193,196,127,657,657,643
M04_3:cell_930,293,198,397,656,539,540,266
M04_3:cell_931,46,185,187,138,80,77,76
M04_3:cell_932,128,437,444,255,136,136,849
M04_3:cell_933,2528,1413,2819,172,1887,1887,565
M04_3:cell_934,95,67,67,466,157,157,92
M04_3:cell_935,439,191,192,105,18,18,566
M04_3:cell_936,342,232,237,189,257,257,342
M04_3:cell_937,20,452,452,221,143,143,486
M04_3:cell_938,585,118,118,218,416,416,84
M04_3:cell_939,507,367,367,147,308,308,203
M04_3:cell_94,354,153,157,524,121,121,362
M04_3:cell_940,447,172,172,18,20,20,72
M04_3:cell_941,133,376,388,670,426,420,74
M04_3:cell_942,448,349,349,821,1327,1325,944
M04_3:cell_943,408,76,152,88,132,133,52
M04_3:cell_944,84,25,25,621,79,79,470
M04_3:cell_945,1492,1066,1066,291,1021,1020,260
M04_3:cell_946,439,363,364,1409,180,180,233
M04_3:cell_947,38,270,273,176,131,131,42
M04_3:cell_948,306,247,247,546,152,152,304
M04_3:cell_949,756,826,851,980,567,568,533
M04_3:cell_95,398,774,774,0,1013,1015,0
M04_3:cell_950,176,282,282,513,184,181,94
M04_3:cell_951,56,81,82,589,270,270,134
M04_3:cell_952,789,90,90,190,65,65,785
M04_3:cell_953,249,295,295,44,4,4,40
M04_3:cell_954,298,147,147,147,369,369,64
M04_3:cell_955,272,293,581,131,29,29,115
M04_3:cell_956,14,338,344,124,149,149,272
M04_3:cell_957,76,9,9,189,215,215,9
M04_3:cell_958,52,305,305,560,201,201,57
M04_3:cell_959,130,32,32,738,135,135,16
M04_3:cell_96,297,437,437,217,526,525,85
M04_3:cell_960,168,121,242,142,81,81,26
M04_3:cell_961,111,157,157,189,383,383,232
M04_3:cell_962,741,377,377,753,675,675,500
M04_3:cell_963,54,147,294,118,181,181,106
M04_3:cell_964,1156,697,1401,1336,586,584,496
M04_3:cell_965,141,238,238,167,116,116,196
M04_3:cell_966,193,97,97,133,15,15,246
M04_3:cell_967,4157,2349,4630,1669,1467,1467,482
M04_3:cell_968,926,1153,1153,49,859,859,427
M04_3:cell_969,10,524,524,1183,120,120,379
M04_3:cell_97,42,519,525,316,86,86,446
M04_3:cell_970,138,290,290,291,350,350,361
M04_3:cell_971,949,850,862,143,328,328,307
M04_3:cell_972,426,186,193,306,85,85,342
M04_3:cell_973,622,849,849,404,298,298,701
M04_3:cell_974,1102,262,262,1566,1907,1908,756
M04_3:cell_975,625,324,644,288,246,246,401
M04_3:cell_976,158,805,811,339,290,290,343
M04_3:cell_977,1211,558,558,1531,160,159,709
M04_3:cell_978,310,88,176,94,428,428,328
M04_3:cell_979,143,283,566,103,132,132,112
M04_3:cell_98,386,129,251,104,208,208,120
M04_3:cell_980,193,110,110,65,96,96,54
M04_3:cell_981,397,73,73,140,0,0,78
M04_3:cell_982,356,82,82,172,83,83,336
M04_3:cell_983,95,79,79,520,425,425,826
M04_3:cell_984,399,247,494,169,86,85,284
M04_3:cell_985,108,817,1631,828,187,187,284
M04_3:cell_986,855,638,657,782,1,1,730
M04_3:cell_987,491,68,75,13,314,314,119
M04_3:cell_988,425,307,312,173,150,150,134
M04_3:cell_989,340,363,366,219,233,233,167
M04_3:cell_99,49,104,206,193,3,3,154
M04_3:cell_990,133,132,132,0,305,305,142
M04_3:cell_991,484,328,328,289,214,214,542
M04_3:cell_992,1670,2089,2089,3571,1723,1719,752
M04_3:cell_993,414,40,40,32,0,0,105
M04_3:cell_994,734,226,226,822,7,7,638
M04_3:cell_995,145,839,839,1020,518,519,145
M04_3:cell_996,382,90,90,309,7,7,93
M04_3:cell_997,1882,8,8,141,444,442,1188
M04_3:cell_998,374,213,427,276,42,42,148
M04_3:cell_999,145,483,483,120,275,275,166
